INSERT INTO Customer (SSN, First_Name, Last_Name, Gender, Date_of_Birth, Phone, Password, Address) VALUES ('154-80-3077', 'FirstC1', 'LastC1', 'female', TO_DATE('1987-12-13', 'YYYY-MM-DD'), '8568208934', 'pass1', 'Address 1');
INSERT INTO Customer (SSN, First_Name, Last_Name, Gender, Date_of_Birth, Phone, Password, Address) VALUES ('223-13-3359', 'FirstC2', 'LastC2', 'male', TO_DATE('1991-11-08', 'YYYY-MM-DD'), '4036950618', 'pass2', 'Address 2');
INSERT INTO Customer (SSN, First_Name, Last_Name, Gender, Date_of_Birth, Phone, Password, Address) VALUES ('129-43-8723', 'FirstC3', 'LastC3', 'female', TO_DATE('1987-06-08', 'YYYY-MM-DD'), '0470691024', 'pass3', 'Address 3');
INSERT INTO Customer (SSN, First_Name, Last_Name, Gender, Date_of_Birth, Phone, Password, Address) VALUES ('517-67-6379', 'FirstC4', 'LastC4', 'male', TO_DATE('1995-05-28', 'YYYY-MM-DD'), '7295517670', 'pass4', 'Address 4');
INSERT INTO Customer (SSN, First_Name, Last_Name, Gender, Date_of_Birth, Phone, Password, Address) VALUES ('310-22-1245', 'FirstC5', 'LastC5', 'female', TO_DATE('1992-11-29', 'YYYY-MM-DD'), '4354501776', 'pass5', 'Address 5');
INSERT INTO Customer (SSN, First_Name, Last_Name, Gender, Date_of_Birth, Phone, Password, Address) VALUES ('586-33-3869', 'FirstC6', 'LastC6', 'male', TO_DATE('2000-06-05', 'YYYY-MM-DD'), '7478737635', 'pass6', 'Address 6');
INSERT INTO Customer (SSN, First_Name, Last_Name, Gender, Date_of_Birth, Phone, Password, Address) VALUES ('644-19-7248', 'FirstC7', 'LastC7', 'female', TO_DATE('1982-04-19', 'YYYY-MM-DD'), '4819502489', 'pass7', 'Address 7');
INSERT INTO Customer (SSN, First_Name, Last_Name, Gender, Date_of_Birth, Phone, Password, Address) VALUES ('799-95-4115', 'FirstC8', 'LastC8', 'male', TO_DATE('1997-01-04', 'YYYY-MM-DD'), '6220630379', 'pass8', 'Address 8');
INSERT INTO Customer (SSN, First_Name, Last_Name, Gender, Date_of_Birth, Phone, Password, Address) VALUES ('605-57-5869', 'FirstC9', 'LastC9', 'female', TO_DATE('1986-04-29', 'YYYY-MM-DD'), '9803407778', 'pass9', 'Address 9');
INSERT INTO Customer (SSN, First_Name, Last_Name, Gender, Date_of_Birth, Phone, Password, Address) VALUES ('802-50-3082', 'FirstC10', 'LastC10', 'male', TO_DATE('1990-12-15', 'YYYY-MM-DD'), '1272264451', 'pass10', 'Address 10');
INSERT INTO Customer (SSN, First_Name, Last_Name, Gender, Date_of_Birth, Phone, Password, Address) VALUES ('705-99-7056', 'FirstC11', 'LastC11', 'female', TO_DATE('1987-09-16', 'YYYY-MM-DD'), '6880061058', 'pass11', 'Address 11');
INSERT INTO Customer (SSN, First_Name, Last_Name, Gender, Date_of_Birth, Phone, Password, Address) VALUES ('641-38-1862', 'FirstC12', 'LastC12', 'male', TO_DATE('1995-11-07', 'YYYY-MM-DD'), '6381555286', 'pass12', 'Address 12');
INSERT INTO Customer (SSN, First_Name, Last_Name, Gender, Date_of_Birth, Phone, Password, Address) VALUES ('727-85-4591', 'FirstC13', 'LastC13', 'female', TO_DATE('1984-09-18', 'YYYY-MM-DD'), '6136388334', 'pass13', 'Address 13');
INSERT INTO Customer (SSN, First_Name, Last_Name, Gender, Date_of_Birth, Phone, Password, Address) VALUES ('477-94-8184', 'FirstC14', 'LastC14', 'male', TO_DATE('1990-06-14', 'YYYY-MM-DD'), '1081450327', 'pass14', 'Address 14');
INSERT INTO Customer (SSN, First_Name, Last_Name, Gender, Date_of_Birth, Phone, Password, Address) VALUES ('862-31-3150', 'FirstC15', 'LastC15', 'female', TO_DATE('1987-01-29', 'YYYY-MM-DD'), '0558275175', 'pass15', 'Address 15');
INSERT INTO Customer (SSN, First_Name, Last_Name, Gender, Date_of_Birth, Phone, Password, Address) VALUES ('278-26-2740', 'FirstC16', 'LastC16', 'male', TO_DATE('1995-01-04', 'YYYY-MM-DD'), '2770090923', 'pass16', 'Address 16');
INSERT INTO Customer (SSN, First_Name, Last_Name, Gender, Date_of_Birth, Phone, Password, Address) VALUES ('974-80-2546', 'FirstC17', 'LastC17', 'female', TO_DATE('1992-02-13', 'YYYY-MM-DD'), '1847880391', 'pass17', 'Address 17');
INSERT INTO Customer (SSN, First_Name, Last_Name, Gender, Date_of_Birth, Phone, Password, Address) VALUES ('151-24-4349', 'FirstC18', 'LastC18', 'male', TO_DATE('1980-02-26', 'YYYY-MM-DD'), '5979170234', 'pass18', 'Address 18');
INSERT INTO Customer (SSN, First_Name, Last_Name, Gender, Date_of_Birth, Phone, Password, Address) VALUES ('749-56-8047', 'FirstC19', 'LastC19', 'female', TO_DATE('2000-03-06', 'YYYY-MM-DD'), '5005709545', 'pass19', 'Address 19');
INSERT INTO Customer (SSN, First_Name, Last_Name, Gender, Date_of_Birth, Phone, Password, Address) VALUES ('693-40-3114', 'FirstC20', 'LastC20', 'male', TO_DATE('1996-01-10', 'YYYY-MM-DD'), '7737748770', 'pass20', 'Address 20');
INSERT INTO Doctor (Doctor_ID, First_Name, Last_Name, Specialty, Phone) VALUES (1, 'FirstD1', 'LastD1', 'Dermatology', '0153867382');
INSERT INTO Doctor (Doctor_ID, First_Name, Last_Name, Specialty, Phone) VALUES (2, 'FirstD2', 'LastD2', 'General', '0484309529');
INSERT INTO Doctor (Doctor_ID, First_Name, Last_Name, Specialty, Phone) VALUES (3, 'FirstD3', 'LastD3', 'Pediatrics', '9928225377');
INSERT INTO Doctor (Doctor_ID, First_Name, Last_Name, Specialty, Phone) VALUES (4, 'FirstD4', 'LastD4', 'Dermatology', '7058469849');
INSERT INTO Doctor (Doctor_ID, First_Name, Last_Name, Specialty, Phone) VALUES (5, 'FirstD5', 'LastD5', 'Dermatology', '9468531792');
INSERT INTO Doctor (Doctor_ID, First_Name, Last_Name, Specialty, Phone) VALUES (6, 'FirstD6', 'LastD6', 'Cardiology', '1579283419');
INSERT INTO Doctor (Doctor_ID, First_Name, Last_Name, Specialty, Phone) VALUES (7, 'FirstD7', 'LastD7', 'Cardiology', '0784675052');
INSERT INTO Doctor (Doctor_ID, First_Name, Last_Name, Specialty, Phone) VALUES (8, 'FirstD8', 'LastD8', 'Pediatrics', '6517562065');
INSERT INTO Doctor (Doctor_ID, First_Name, Last_Name, Specialty, Phone) VALUES (9, 'FirstD9', 'LastD9', 'Pediatrics', '0620936104');
INSERT INTO Doctor (Doctor_ID, First_Name, Last_Name, Specialty, Phone) VALUES (10, 'FirstD10', 'LastD10', 'Neurology', '0309527933');
INSERT INTO Drug (Drug_Name, Price, Medicine_Type) VALUES ('Drug1', 8.76, 'Antifungal');
INSERT INTO Drug (Drug_Name, Price, Medicine_Type) VALUES ('Drug2', 65.92, 'Vitamin');
INSERT INTO Drug (Drug_Name, Price, Medicine_Type) VALUES ('Drug3', 8.01, 'Antifungal');
INSERT INTO Drug (Drug_Name, Price, Medicine_Type) VALUES ('Drug4', 21.44, 'Vitamin');
INSERT INTO Drug (Drug_Name, Price, Medicine_Type) VALUES ('Drug5', 7.09, 'Antiviral');
INSERT INTO Drug (Drug_Name, Price, Medicine_Type) VALUES ('Drug6', 53.62, 'Vitamin');
INSERT INTO Drug (Drug_Name, Price, Medicine_Type) VALUES ('Drug7', 23.31, 'Vitamin');
INSERT INTO Drug (Drug_Name, Price, Medicine_Type) VALUES ('Drug8', 21.57, 'Antibiotic');
INSERT INTO Drug (Drug_Name, Price, Medicine_Type) VALUES ('Drug9', 99.5, 'Antiviral');
INSERT INTO Drug (Drug_Name, Price, Medicine_Type) VALUES ('Drug10', 69.32, 'Vitamin');
INSERT INTO Drug (Drug_Name, Price, Medicine_Type) VALUES ('Drug11', 35.2, 'Vitamin');
INSERT INTO Drug (Drug_Name, Price, Medicine_Type) VALUES ('Drug12', 40.46, 'Antiviral');
INSERT INTO Drug (Drug_Name, Price, Medicine_Type) VALUES ('Drug13', 41.33, 'Antibiotic');
INSERT INTO Drug (Drug_Name, Price, Medicine_Type) VALUES ('Drug14', 81.86, 'Antibiotic');
INSERT INTO Drug (Drug_Name, Price, Medicine_Type) VALUES ('Drug15', 14.84, 'Antifungal');
INSERT INTO Drug (Drug_Name, Price, Medicine_Type) VALUES ('Drug16', 5.22, 'Vitamin');
INSERT INTO Drug (Drug_Name, Price, Medicine_Type) VALUES ('Drug17', 95.74, 'Vitamin');
INSERT INTO Drug (Drug_Name, Price, Medicine_Type) VALUES ('Drug18', 79.46, 'Antifungal');
INSERT INTO Drug (Drug_Name, Price, Medicine_Type) VALUES ('Drug19', 72.64, 'Painkiller');
INSERT INTO Drug (Drug_Name, Price, Medicine_Type) VALUES ('Drug20', 46.72, 'Vitamin');
INSERT INTO Pharmacy (Pharmacy_ID, Name, Address, Phone) VALUES (1, 'Pharm1', 'PharmAddr1', '0131874311');
INSERT INTO Pharmacy (Pharmacy_ID, Name, Address, Phone) VALUES (2, 'Pharm2', 'PharmAddr2', '8616391287');
INSERT INTO Pharmacy (Pharmacy_ID, Name, Address, Phone) VALUES (3, 'Pharm3', 'PharmAddr3', '1691172037');
INSERT INTO Pharmacy (Pharmacy_ID, Name, Address, Phone) VALUES (4, 'Pharm4', 'PharmAddr4', '8035315261');
INSERT INTO Pharmacy (Pharmacy_ID, Name, Address, Phone) VALUES (5, 'Pharm5', 'PharmAddr5', '6944987296');
INSERT INTO Employee (Employee_ID, First_Name, Last_Name, Gender, Date_of_Birth, Salary, Phone, Pharmacy_ID) VALUES (1, 'FirstE1', 'LastE1', 'female', TO_DATE('1982-02-24', 'YYYY-MM-DD'), 5681.91, '7285185932', 1);
INSERT INTO Employee (Employee_ID, First_Name, Last_Name, Gender, Date_of_Birth, Salary, Phone, Pharmacy_ID) VALUES (2, 'FirstE2', 'LastE2', 'male', TO_DATE('1991-07-07', 'YYYY-MM-DD'), 3986.39, '8459298397', 1);
INSERT INTO Employee (Employee_ID, First_Name, Last_Name, Gender, Date_of_Birth, Salary, Phone, Pharmacy_ID) VALUES (3, 'FirstE3', 'LastE3', 'female', TO_DATE('1984-09-09', 'YYYY-MM-DD'), 3493.56, '2644566092', 1);
INSERT INTO Employee (Employee_ID, First_Name, Last_Name, Gender, Date_of_Birth, Salary, Phone, Pharmacy_ID) VALUES (4, 'FirstE4', 'LastE4', 'male', TO_DATE('1986-09-13', 'YYYY-MM-DD'), 5421.22, '1096318688', 2);
INSERT INTO Employee (Employee_ID, First_Name, Last_Name, Gender, Date_of_Birth, Salary, Phone, Pharmacy_ID) VALUES (5, 'FirstE5', 'LastE5', 'female', TO_DATE('1990-07-15', 'YYYY-MM-DD'), 6515.51, '2793773268', 2);
INSERT INTO Employee (Employee_ID, First_Name, Last_Name, Gender, Date_of_Birth, Salary, Phone, Pharmacy_ID) VALUES (6, 'FirstE6', 'LastE6', 'male', TO_DATE('1982-12-25', 'YYYY-MM-DD'), 4982.44, '5312782065', 2);
INSERT INTO Employee (Employee_ID, First_Name, Last_Name, Gender, Date_of_Birth, Salary, Phone, Pharmacy_ID) VALUES (7, 'FirstE7', 'LastE7', 'female', TO_DATE('1996-05-08', 'YYYY-MM-DD'), 7495.0, '9485063785', 3);
INSERT INTO Employee (Employee_ID, First_Name, Last_Name, Gender, Date_of_Birth, Salary, Phone, Pharmacy_ID) VALUES (8, 'FirstE8', 'LastE8', 'male', TO_DATE('2000-08-09', 'YYYY-MM-DD'), 4230.59, '1599313555', 3);
INSERT INTO Employee (Employee_ID, First_Name, Last_Name, Gender, Date_of_Birth, Salary, Phone, Pharmacy_ID) VALUES (9, 'FirstE9', 'LastE9', 'female', TO_DATE('1982-03-04', 'YYYY-MM-DD'), 5445.7, '3613466031', 3);
INSERT INTO Employee (Employee_ID, First_Name, Last_Name, Gender, Date_of_Birth, Salary, Phone, Pharmacy_ID) VALUES (10, 'FirstE10', 'LastE10', 'male', TO_DATE('1980-08-05', 'YYYY-MM-DD'), 7028.43, '3777250146', 4);
INSERT INTO Employee (Employee_ID, First_Name, Last_Name, Gender, Date_of_Birth, Salary, Phone, Pharmacy_ID) VALUES (11, 'FirstE11', 'LastE11', 'female', TO_DATE('1982-04-14', 'YYYY-MM-DD'), 7825.4, '7235961695', 4);
INSERT INTO Employee (Employee_ID, First_Name, Last_Name, Gender, Date_of_Birth, Salary, Phone, Pharmacy_ID) VALUES (12, 'FirstE12', 'LastE12', 'male', TO_DATE('1989-09-29', 'YYYY-MM-DD'), 7911.19, '1389777024', 4);
INSERT INTO Employee (Employee_ID, First_Name, Last_Name, Gender, Date_of_Birth, Salary, Phone, Pharmacy_ID) VALUES (13, 'FirstE13', 'LastE13', 'female', TO_DATE('1989-05-02', 'YYYY-MM-DD'), 3756.82, '9696571628', 5);
INSERT INTO Employee (Employee_ID, First_Name, Last_Name, Gender, Date_of_Birth, Salary, Phone, Pharmacy_ID) VALUES (14, 'FirstE14', 'LastE14', 'male', TO_DATE('1990-02-07', 'YYYY-MM-DD'), 7339.37, '0540325380', 5);
INSERT INTO Employee (Employee_ID, First_Name, Last_Name, Gender, Date_of_Birth, Salary, Phone, Pharmacy_ID) VALUES (15, 'FirstE15', 'LastE15', 'female', TO_DATE('1995-01-16', 'YYYY-MM-DD'), 6297.83, '4110889743', 5);
INSERT INTO Insurance (Insurance_ID, Company_Name, Start_Date, End_Date, SSN) VALUES (1, 'Company1', TO_DATE('2022-06-09', 'YYYY-MM-DD'), TO_DATE('2029-08-09', 'YYYY-MM-DD'), '223-13-3359');
INSERT INTO Insurance (Insurance_ID, Company_Name, Start_Date, End_Date, SSN) VALUES (2, 'Company2', TO_DATE('2021-04-12', 'YYYY-MM-DD'), TO_DATE('2028-11-21', 'YYYY-MM-DD'), '605-57-5869');
INSERT INTO Insurance (Insurance_ID, Company_Name, Start_Date, End_Date, SSN) VALUES (3, 'Company3', TO_DATE('2024-07-06', 'YYYY-MM-DD'), TO_DATE('2027-12-19', 'YYYY-MM-DD'), '799-95-4115');
INSERT INTO Insurance (Insurance_ID, Company_Name, Start_Date, End_Date, SSN) VALUES (4, 'Company4', TO_DATE('2022-05-06', 'YYYY-MM-DD'), TO_DATE('2027-12-16', 'YYYY-MM-DD'), '278-26-2740');
INSERT INTO Insurance (Insurance_ID, Company_Name, Start_Date, End_Date, SSN) VALUES (5, 'Company5', TO_DATE('2024-01-03', 'YYYY-MM-DD'), TO_DATE('2026-05-18', 'YYYY-MM-DD'), '974-80-2546');
INSERT INTO Insurance (Insurance_ID, Company_Name, Start_Date, End_Date, SSN) VALUES (6, 'Company6', TO_DATE('2021-01-30', 'YYYY-MM-DD'), TO_DATE('2026-04-11', 'YYYY-MM-DD'), '693-40-3114');
INSERT INTO Insurance (Insurance_ID, Company_Name, Start_Date, End_Date, SSN) VALUES (7, 'Company7', TO_DATE('2024-01-11', 'YYYY-MM-DD'), TO_DATE('2026-11-12', 'YYYY-MM-DD'), '129-43-8723');
INSERT INTO Insurance (Insurance_ID, Company_Name, Start_Date, End_Date, SSN) VALUES (8, 'Company8', TO_DATE('2022-10-09', 'YYYY-MM-DD'), TO_DATE('2030-09-06', 'YYYY-MM-DD'), '705-99-7056');
INSERT INTO Insurance (Insurance_ID, Company_Name, Start_Date, End_Date, SSN) VALUES (9, 'Company9', TO_DATE('2020-01-28', 'YYYY-MM-DD'), TO_DATE('2030-01-06', 'YYYY-MM-DD'), '727-85-4591');
INSERT INTO Insurance (Insurance_ID, Company_Name, Start_Date, End_Date, SSN) VALUES (10, 'Company10', TO_DATE('2020-06-04', 'YYYY-MM-DD'), TO_DATE('2030-07-24', 'YYYY-MM-DD'), '644-19-7248');
INSERT INTO Insurance (Insurance_ID, Company_Name, Start_Date, End_Date, SSN) VALUES (11, 'Company11', TO_DATE('2021-07-05', 'YYYY-MM-DD'), TO_DATE('2028-08-14', 'YYYY-MM-DD'), '154-80-3077');
INSERT INTO Insurance (Insurance_ID, Company_Name, Start_Date, End_Date, SSN) VALUES (12, 'Company12', TO_DATE('2020-02-17', 'YYYY-MM-DD'), TO_DATE('2027-09-27', 'YYYY-MM-DD'), '641-38-1862');
INSERT INTO Insurance (Insurance_ID, Company_Name, Start_Date, End_Date, SSN) VALUES (13, 'Company13', TO_DATE('2022-03-17', 'YYYY-MM-DD'), TO_DATE('2029-05-10', 'YYYY-MM-DD'), '517-67-6379');
INSERT INTO Insurance (Insurance_ID, Company_Name, Start_Date, End_Date, SSN) VALUES (14, 'Company14', TO_DATE('2021-05-30', 'YYYY-MM-DD'), TO_DATE('2026-08-16', 'YYYY-MM-DD'), '477-94-8184');
INSERT INTO Insurance (Insurance_ID, Company_Name, Start_Date, End_Date, SSN) VALUES (15, 'Company15', TO_DATE('2024-03-17', 'YYYY-MM-DD'), TO_DATE('2027-01-04', 'YYYY-MM-DD'), '586-33-3869');
INSERT INTO Medicine (Drug_Name, Pharmacy_ID, Batch_Number, Stock_Quantity, Expiry_Date) VALUES ('Drug1', 1, 'B111', 112, TO_DATE('2027-05-28', 'YYYY-MM-DD'));
INSERT INTO Medicine (Drug_Name, Pharmacy_ID, Batch_Number, Stock_Quantity, Expiry_Date) VALUES ('Drug1', 1, 'B112', 83, TO_DATE('2025-05-25', 'YYYY-MM-DD'));
INSERT INTO Medicine (Drug_Name, Pharmacy_ID, Batch_Number, Stock_Quantity, Expiry_Date) VALUES ('Drug1', 2, 'B121', 345, TO_DATE('2025-08-29', 'YYYY-MM-DD'));
INSERT INTO Medicine (Drug_Name, Pharmacy_ID, Batch_Number, Stock_Quantity, Expiry_Date) VALUES ('Drug1', 2, 'B122', 163, TO_DATE('2027-01-14', 'YYYY-MM-DD'));
INSERT INTO Medicine (Drug_Name, Pharmacy_ID, Batch_Number, Stock_Quantity, Expiry_Date) VALUES ('Drug1', 2, 'B123', 350, TO_DATE('2027-03-20', 'YYYY-MM-DD'));
INSERT INTO Medicine (Drug_Name, Pharmacy_ID, Batch_Number, Stock_Quantity, Expiry_Date) VALUES ('Drug1', 3, 'B131', 328, TO_DATE('2026-05-31', 'YYYY-MM-DD'));
INSERT INTO Medicine (Drug_Name, Pharmacy_ID, Batch_Number, Stock_Quantity, Expiry_Date) VALUES ('Drug1', 3, 'B132', 249, TO_DATE('2025-10-07', 'YYYY-MM-DD'));
INSERT INTO Medicine (Drug_Name, Pharmacy_ID, Batch_Number, Stock_Quantity, Expiry_Date) VALUES ('Drug1', 3, 'B133', 450, TO_DATE('2025-09-28', 'YYYY-MM-DD'));
INSERT INTO Medicine (Drug_Name, Pharmacy_ID, Batch_Number, Stock_Quantity, Expiry_Date) VALUES ('Drug1', 4, 'B141', 233, TO_DATE('2026-06-30', 'YYYY-MM-DD'));
INSERT INTO Medicine (Drug_Name, Pharmacy_ID, Batch_Number, Stock_Quantity, Expiry_Date) VALUES ('Drug1', 4, 'B142', 193, TO_DATE('2027-10-09', 'YYYY-MM-DD'));
INSERT INTO Medicine (Drug_Name, Pharmacy_ID, Batch_Number, Stock_Quantity, Expiry_Date) VALUES ('Drug1', 4, 'B143', 117, TO_DATE('2026-02-26', 'YYYY-MM-DD'));
INSERT INTO Medicine (Drug_Name, Pharmacy_ID, Batch_Number, Stock_Quantity, Expiry_Date) VALUES ('Drug1', 5, 'B151', 488, TO_DATE('2026-05-23', 'YYYY-MM-DD'));
INSERT INTO Medicine (Drug_Name, Pharmacy_ID, Batch_Number, Stock_Quantity, Expiry_Date) VALUES ('Drug1', 5, 'B152', 354, TO_DATE('2026-05-28', 'YYYY-MM-DD'));
INSERT INTO Medicine (Drug_Name, Pharmacy_ID, Batch_Number, Stock_Quantity, Expiry_Date) VALUES ('Drug1', 5, 'B153', 242, TO_DATE('2025-01-24', 'YYYY-MM-DD'));
INSERT INTO Medicine (Drug_Name, Pharmacy_ID, Batch_Number, Stock_Quantity, Expiry_Date) VALUES ('Drug2', 1, 'B211', 327, TO_DATE('2027-11-20', 'YYYY-MM-DD'));
INSERT INTO Medicine (Drug_Name, Pharmacy_ID, Batch_Number, Stock_Quantity, Expiry_Date) VALUES ('Drug2', 1, 'B212', 212, TO_DATE('2025-10-27', 'YYYY-MM-DD'));
INSERT INTO Medicine (Drug_Name, Pharmacy_ID, Batch_Number, Stock_Quantity, Expiry_Date) VALUES ('Drug2', 1, 'B213', 103, TO_DATE('2025-07-19', 'YYYY-MM-DD'));
INSERT INTO Medicine (Drug_Name, Pharmacy_ID, Batch_Number, Stock_Quantity, Expiry_Date) VALUES ('Drug2', 2, 'B221', 343, TO_DATE('2025-12-11', 'YYYY-MM-DD'));
INSERT INTO Medicine (Drug_Name, Pharmacy_ID, Batch_Number, Stock_Quantity, Expiry_Date) VALUES ('Drug2', 3, 'B231', 362, TO_DATE('2026-03-11', 'YYYY-MM-DD'));
INSERT INTO Medicine (Drug_Name, Pharmacy_ID, Batch_Number, Stock_Quantity, Expiry_Date) VALUES ('Drug2', 3, 'B232', 281, TO_DATE('2026-11-27', 'YYYY-MM-DD'));
INSERT INTO Medicine (Drug_Name, Pharmacy_ID, Batch_Number, Stock_Quantity, Expiry_Date) VALUES ('Drug2', 3, 'B233', 73, TO_DATE('2025-01-06', 'YYYY-MM-DD'));
INSERT INTO Medicine (Drug_Name, Pharmacy_ID, Batch_Number, Stock_Quantity, Expiry_Date) VALUES ('Drug2', 4, 'B241', 433, TO_DATE('2027-04-01', 'YYYY-MM-DD'));
INSERT INTO Medicine (Drug_Name, Pharmacy_ID, Batch_Number, Stock_Quantity, Expiry_Date) VALUES ('Drug2', 4, 'B242', 239, TO_DATE('2025-01-25', 'YYYY-MM-DD'));
INSERT INTO Medicine (Drug_Name, Pharmacy_ID, Batch_Number, Stock_Quantity, Expiry_Date) VALUES ('Drug2', 5, 'B251', 231, TO_DATE('2025-11-05', 'YYYY-MM-DD'));
INSERT INTO Medicine (Drug_Name, Pharmacy_ID, Batch_Number, Stock_Quantity, Expiry_Date) VALUES ('Drug2', 5, 'B252', 112, TO_DATE('2026-11-16', 'YYYY-MM-DD'));
INSERT INTO Medicine (Drug_Name, Pharmacy_ID, Batch_Number, Stock_Quantity, Expiry_Date) VALUES ('Drug3', 1, 'B311', 210, TO_DATE('2025-04-15', 'YYYY-MM-DD'));
INSERT INTO Medicine (Drug_Name, Pharmacy_ID, Batch_Number, Stock_Quantity, Expiry_Date) VALUES ('Drug3', 1, 'B312', 359, TO_DATE('2024-12-11', 'YYYY-MM-DD'));
INSERT INTO Medicine (Drug_Name, Pharmacy_ID, Batch_Number, Stock_Quantity, Expiry_Date) VALUES ('Drug3', 2, 'B321', 101, TO_DATE('2025-05-16', 'YYYY-MM-DD'));
INSERT INTO Medicine (Drug_Name, Pharmacy_ID, Batch_Number, Stock_Quantity, Expiry_Date) VALUES ('Drug3', 3, 'B331', 491, TO_DATE('2027-04-14', 'YYYY-MM-DD'));
INSERT INTO Medicine (Drug_Name, Pharmacy_ID, Batch_Number, Stock_Quantity, Expiry_Date) VALUES ('Drug3', 4, 'B341', 489, TO_DATE('2026-03-21', 'YYYY-MM-DD'));
INSERT INTO Medicine (Drug_Name, Pharmacy_ID, Batch_Number, Stock_Quantity, Expiry_Date) VALUES ('Drug3', 5, 'B351', 247, TO_DATE('2025-06-21', 'YYYY-MM-DD'));
INSERT INTO Medicine (Drug_Name, Pharmacy_ID, Batch_Number, Stock_Quantity, Expiry_Date) VALUES ('Drug3', 5, 'B352', 244, TO_DATE('2026-10-04', 'YYYY-MM-DD'));
INSERT INTO Medicine (Drug_Name, Pharmacy_ID, Batch_Number, Stock_Quantity, Expiry_Date) VALUES ('Drug4', 1, 'B411', 194, TO_DATE('2025-05-02', 'YYYY-MM-DD'));
INSERT INTO Medicine (Drug_Name, Pharmacy_ID, Batch_Number, Stock_Quantity, Expiry_Date) VALUES ('Drug4', 1, 'B412', 462, TO_DATE('2025-08-30', 'YYYY-MM-DD'));
INSERT INTO Medicine (Drug_Name, Pharmacy_ID, Batch_Number, Stock_Quantity, Expiry_Date) VALUES ('Drug4', 2, 'B421', 411, TO_DATE('2025-07-13', 'YYYY-MM-DD'));
INSERT INTO Medicine (Drug_Name, Pharmacy_ID, Batch_Number, Stock_Quantity, Expiry_Date) VALUES ('Drug4', 2, 'B422', 304, TO_DATE('2026-09-16', 'YYYY-MM-DD'));
INSERT INTO Medicine (Drug_Name, Pharmacy_ID, Batch_Number, Stock_Quantity, Expiry_Date) VALUES ('Drug4', 2, 'B423', 181, TO_DATE('2025-10-07', 'YYYY-MM-DD'));
INSERT INTO Medicine (Drug_Name, Pharmacy_ID, Batch_Number, Stock_Quantity, Expiry_Date) VALUES ('Drug4', 3, 'B431', 486, TO_DATE('2026-02-03', 'YYYY-MM-DD'));
INSERT INTO Medicine (Drug_Name, Pharmacy_ID, Batch_Number, Stock_Quantity, Expiry_Date) VALUES ('Drug4', 3, 'B432', 185, TO_DATE('2026-06-07', 'YYYY-MM-DD'));
INSERT INTO Medicine (Drug_Name, Pharmacy_ID, Batch_Number, Stock_Quantity, Expiry_Date) VALUES ('Drug4', 4, 'B441', 108, TO_DATE('2025-03-23', 'YYYY-MM-DD'));
INSERT INTO Medicine (Drug_Name, Pharmacy_ID, Batch_Number, Stock_Quantity, Expiry_Date) VALUES ('Drug4', 4, 'B442', 200, TO_DATE('2025-01-08', 'YYYY-MM-DD'));
INSERT INTO Medicine (Drug_Name, Pharmacy_ID, Batch_Number, Stock_Quantity, Expiry_Date) VALUES ('Drug4', 5, 'B451', 366, TO_DATE('2026-01-09', 'YYYY-MM-DD'));
INSERT INTO Medicine (Drug_Name, Pharmacy_ID, Batch_Number, Stock_Quantity, Expiry_Date) VALUES ('Drug4', 5, 'B452', 105, TO_DATE('2025-12-31', 'YYYY-MM-DD'));
INSERT INTO Medicine (Drug_Name, Pharmacy_ID, Batch_Number, Stock_Quantity, Expiry_Date) VALUES ('Drug4', 5, 'B453', 168, TO_DATE('2027-01-28', 'YYYY-MM-DD'));
INSERT INTO Medicine (Drug_Name, Pharmacy_ID, Batch_Number, Stock_Quantity, Expiry_Date) VALUES ('Drug5', 1, 'B511', 332, TO_DATE('2024-11-26', 'YYYY-MM-DD'));
INSERT INTO Medicine (Drug_Name, Pharmacy_ID, Batch_Number, Stock_Quantity, Expiry_Date) VALUES ('Drug5', 2, 'B521', 408, TO_DATE('2027-08-15', 'YYYY-MM-DD'));
INSERT INTO Medicine (Drug_Name, Pharmacy_ID, Batch_Number, Stock_Quantity, Expiry_Date) VALUES ('Drug5', 2, 'B522', 491, TO_DATE('2027-03-17', 'YYYY-MM-DD'));
INSERT INTO Medicine (Drug_Name, Pharmacy_ID, Batch_Number, Stock_Quantity, Expiry_Date) VALUES ('Drug5', 3, 'B531', 448, TO_DATE('2025-10-02', 'YYYY-MM-DD'));
INSERT INTO Medicine (Drug_Name, Pharmacy_ID, Batch_Number, Stock_Quantity, Expiry_Date) VALUES ('Drug5', 4, 'B541', 95, TO_DATE('2027-11-13', 'YYYY-MM-DD'));
INSERT INTO Medicine (Drug_Name, Pharmacy_ID, Batch_Number, Stock_Quantity, Expiry_Date) VALUES ('Drug5', 5, 'B551', 368, TO_DATE('2025-05-28', 'YYYY-MM-DD'));
INSERT INTO Medicine (Drug_Name, Pharmacy_ID, Batch_Number, Stock_Quantity, Expiry_Date) VALUES ('Drug5', 5, 'B552', 182, TO_DATE('2027-03-02', 'YYYY-MM-DD'));
INSERT INTO Medicine (Drug_Name, Pharmacy_ID, Batch_Number, Stock_Quantity, Expiry_Date) VALUES ('Drug6', 1, 'B611', 233, TO_DATE('2027-04-01', 'YYYY-MM-DD'));
INSERT INTO Medicine (Drug_Name, Pharmacy_ID, Batch_Number, Stock_Quantity, Expiry_Date) VALUES ('Drug6', 1, 'B612', 87, TO_DATE('2027-04-21', 'YYYY-MM-DD'));
INSERT INTO Medicine (Drug_Name, Pharmacy_ID, Batch_Number, Stock_Quantity, Expiry_Date) VALUES ('Drug6', 1, 'B613', 405, TO_DATE('2027-09-16', 'YYYY-MM-DD'));
INSERT INTO Medicine (Drug_Name, Pharmacy_ID, Batch_Number, Stock_Quantity, Expiry_Date) VALUES ('Drug6', 2, 'B621', 480, TO_DATE('2026-08-22', 'YYYY-MM-DD'));
INSERT INTO Medicine (Drug_Name, Pharmacy_ID, Batch_Number, Stock_Quantity, Expiry_Date) VALUES ('Drug6', 3, 'B631', 221, TO_DATE('2025-01-09', 'YYYY-MM-DD'));
INSERT INTO Medicine (Drug_Name, Pharmacy_ID, Batch_Number, Stock_Quantity, Expiry_Date) VALUES ('Drug6', 3, 'B632', 338, TO_DATE('2026-12-05', 'YYYY-MM-DD'));
INSERT INTO Medicine (Drug_Name, Pharmacy_ID, Batch_Number, Stock_Quantity, Expiry_Date) VALUES ('Drug6', 3, 'B633', 492, TO_DATE('2027-07-11', 'YYYY-MM-DD'));
INSERT INTO Medicine (Drug_Name, Pharmacy_ID, Batch_Number, Stock_Quantity, Expiry_Date) VALUES ('Drug6', 4, 'B641', 259, TO_DATE('2026-09-22', 'YYYY-MM-DD'));
INSERT INTO Medicine (Drug_Name, Pharmacy_ID, Batch_Number, Stock_Quantity, Expiry_Date) VALUES ('Drug6', 4, 'B642', 318, TO_DATE('2026-09-28', 'YYYY-MM-DD'));
INSERT INTO Medicine (Drug_Name, Pharmacy_ID, Batch_Number, Stock_Quantity, Expiry_Date) VALUES ('Drug6', 5, 'B651', 267, TO_DATE('2026-06-17', 'YYYY-MM-DD'));
INSERT INTO Medicine (Drug_Name, Pharmacy_ID, Batch_Number, Stock_Quantity, Expiry_Date) VALUES ('Drug6', 5, 'B652', 401, TO_DATE('2027-04-25', 'YYYY-MM-DD'));
INSERT INTO Medicine (Drug_Name, Pharmacy_ID, Batch_Number, Stock_Quantity, Expiry_Date) VALUES ('Drug6', 5, 'B653', 379, TO_DATE('2027-07-03', 'YYYY-MM-DD'));
INSERT INTO Medicine (Drug_Name, Pharmacy_ID, Batch_Number, Stock_Quantity, Expiry_Date) VALUES ('Drug7', 1, 'B711', 372, TO_DATE('2026-03-01', 'YYYY-MM-DD'));
INSERT INTO Medicine (Drug_Name, Pharmacy_ID, Batch_Number, Stock_Quantity, Expiry_Date) VALUES ('Drug7', 1, 'B712', 145, TO_DATE('2027-06-09', 'YYYY-MM-DD'));
INSERT INTO Medicine (Drug_Name, Pharmacy_ID, Batch_Number, Stock_Quantity, Expiry_Date) VALUES ('Drug7', 1, 'B713', 221, TO_DATE('2026-01-25', 'YYYY-MM-DD'));
INSERT INTO Medicine (Drug_Name, Pharmacy_ID, Batch_Number, Stock_Quantity, Expiry_Date) VALUES ('Drug7', 2, 'B721', 324, TO_DATE('2025-07-07', 'YYYY-MM-DD'));
INSERT INTO Medicine (Drug_Name, Pharmacy_ID, Batch_Number, Stock_Quantity, Expiry_Date) VALUES ('Drug7', 2, 'B722', 259, TO_DATE('2027-08-11', 'YYYY-MM-DD'));
INSERT INTO Medicine (Drug_Name, Pharmacy_ID, Batch_Number, Stock_Quantity, Expiry_Date) VALUES ('Drug7', 3, 'B731', 436, TO_DATE('2027-07-28', 'YYYY-MM-DD'));
INSERT INTO Medicine (Drug_Name, Pharmacy_ID, Batch_Number, Stock_Quantity, Expiry_Date) VALUES ('Drug7', 3, 'B732', 364, TO_DATE('2027-05-25', 'YYYY-MM-DD'));
INSERT INTO Medicine (Drug_Name, Pharmacy_ID, Batch_Number, Stock_Quantity, Expiry_Date) VALUES ('Drug7', 3, 'B733', 287, TO_DATE('2026-03-01', 'YYYY-MM-DD'));
INSERT INTO Medicine (Drug_Name, Pharmacy_ID, Batch_Number, Stock_Quantity, Expiry_Date) VALUES ('Drug7', 4, 'B741', 65, TO_DATE('2027-11-23', 'YYYY-MM-DD'));
INSERT INTO Medicine (Drug_Name, Pharmacy_ID, Batch_Number, Stock_Quantity, Expiry_Date) VALUES ('Drug7', 5, 'B751', 365, TO_DATE('2026-11-25', 'YYYY-MM-DD'));
INSERT INTO Medicine (Drug_Name, Pharmacy_ID, Batch_Number, Stock_Quantity, Expiry_Date) VALUES ('Drug8', 1, 'B811', 237, TO_DATE('2027-08-17', 'YYYY-MM-DD'));
INSERT INTO Medicine (Drug_Name, Pharmacy_ID, Batch_Number, Stock_Quantity, Expiry_Date) VALUES ('Drug8', 1, 'B812', 336, TO_DATE('2025-07-06', 'YYYY-MM-DD'));
INSERT INTO Medicine (Drug_Name, Pharmacy_ID, Batch_Number, Stock_Quantity, Expiry_Date) VALUES ('Drug8', 1, 'B813', 335, TO_DATE('2026-10-07', 'YYYY-MM-DD'));
INSERT INTO Medicine (Drug_Name, Pharmacy_ID, Batch_Number, Stock_Quantity, Expiry_Date) VALUES ('Drug8', 2, 'B821', 224, TO_DATE('2025-04-20', 'YYYY-MM-DD'));
INSERT INTO Medicine (Drug_Name, Pharmacy_ID, Batch_Number, Stock_Quantity, Expiry_Date) VALUES ('Drug8', 2, 'B822', 468, TO_DATE('2026-10-11', 'YYYY-MM-DD'));
INSERT INTO Medicine (Drug_Name, Pharmacy_ID, Batch_Number, Stock_Quantity, Expiry_Date) VALUES ('Drug8', 3, 'B831', 442, TO_DATE('2026-11-26', 'YYYY-MM-DD'));
INSERT INTO Medicine (Drug_Name, Pharmacy_ID, Batch_Number, Stock_Quantity, Expiry_Date) VALUES ('Drug8', 4, 'B841', 408, TO_DATE('2027-06-06', 'YYYY-MM-DD'));
INSERT INTO Medicine (Drug_Name, Pharmacy_ID, Batch_Number, Stock_Quantity, Expiry_Date) VALUES ('Drug8', 4, 'B842', 260, TO_DATE('2026-09-29', 'YYYY-MM-DD'));
INSERT INTO Medicine (Drug_Name, Pharmacy_ID, Batch_Number, Stock_Quantity, Expiry_Date) VALUES ('Drug8', 5, 'B851', 354, TO_DATE('2025-12-25', 'YYYY-MM-DD'));
INSERT INTO Medicine (Drug_Name, Pharmacy_ID, Batch_Number, Stock_Quantity, Expiry_Date) VALUES ('Drug8', 5, 'B852', 368, TO_DATE('2025-07-16', 'YYYY-MM-DD'));
INSERT INTO Medicine (Drug_Name, Pharmacy_ID, Batch_Number, Stock_Quantity, Expiry_Date) VALUES ('Drug8', 5, 'B853', 265, TO_DATE('2025-12-07', 'YYYY-MM-DD'));
INSERT INTO Medicine (Drug_Name, Pharmacy_ID, Batch_Number, Stock_Quantity, Expiry_Date) VALUES ('Drug9', 1, 'B911', 348, TO_DATE('2025-11-25', 'YYYY-MM-DD'));
INSERT INTO Medicine (Drug_Name, Pharmacy_ID, Batch_Number, Stock_Quantity, Expiry_Date) VALUES ('Drug9', 1, 'B912', 270, TO_DATE('2024-12-24', 'YYYY-MM-DD'));
INSERT INTO Medicine (Drug_Name, Pharmacy_ID, Batch_Number, Stock_Quantity, Expiry_Date) VALUES ('Drug9', 2, 'B921', 301, TO_DATE('2026-11-03', 'YYYY-MM-DD'));
INSERT INTO Medicine (Drug_Name, Pharmacy_ID, Batch_Number, Stock_Quantity, Expiry_Date) VALUES ('Drug9', 3, 'B931', 390, TO_DATE('2027-06-28', 'YYYY-MM-DD'));
INSERT INTO Medicine (Drug_Name, Pharmacy_ID, Batch_Number, Stock_Quantity, Expiry_Date) VALUES ('Drug9', 3, 'B932', 350, TO_DATE('2026-08-02', 'YYYY-MM-DD'));
INSERT INTO Medicine (Drug_Name, Pharmacy_ID, Batch_Number, Stock_Quantity, Expiry_Date) VALUES ('Drug9', 4, 'B941', 386, TO_DATE('2026-11-13', 'YYYY-MM-DD'));
INSERT INTO Medicine (Drug_Name, Pharmacy_ID, Batch_Number, Stock_Quantity, Expiry_Date) VALUES ('Drug9', 5, 'B951', 214, TO_DATE('2027-05-07', 'YYYY-MM-DD'));
INSERT INTO Medicine (Drug_Name, Pharmacy_ID, Batch_Number, Stock_Quantity, Expiry_Date) VALUES ('Drug10', 1, 'B1011', 81, TO_DATE('2026-11-23', 'YYYY-MM-DD'));
INSERT INTO Medicine (Drug_Name, Pharmacy_ID, Batch_Number, Stock_Quantity, Expiry_Date) VALUES ('Drug10', 2, 'B1021', 149, TO_DATE('2025-06-06', 'YYYY-MM-DD'));
INSERT INTO Medicine (Drug_Name, Pharmacy_ID, Batch_Number, Stock_Quantity, Expiry_Date) VALUES ('Drug10', 2, 'B1022', 364, TO_DATE('2027-07-08', 'YYYY-MM-DD'));
INSERT INTO Medicine (Drug_Name, Pharmacy_ID, Batch_Number, Stock_Quantity, Expiry_Date) VALUES ('Drug10', 2, 'B1023', 88, TO_DATE('2026-07-10', 'YYYY-MM-DD'));
INSERT INTO Medicine (Drug_Name, Pharmacy_ID, Batch_Number, Stock_Quantity, Expiry_Date) VALUES ('Drug10', 3, 'B1031', 496, TO_DATE('2025-04-17', 'YYYY-MM-DD'));
INSERT INTO Medicine (Drug_Name, Pharmacy_ID, Batch_Number, Stock_Quantity, Expiry_Date) VALUES ('Drug10', 3, 'B1032', 410, TO_DATE('2026-07-23', 'YYYY-MM-DD'));
INSERT INTO Medicine (Drug_Name, Pharmacy_ID, Batch_Number, Stock_Quantity, Expiry_Date) VALUES ('Drug10', 3, 'B1033', 86, TO_DATE('2026-09-18', 'YYYY-MM-DD'));
INSERT INTO Medicine (Drug_Name, Pharmacy_ID, Batch_Number, Stock_Quantity, Expiry_Date) VALUES ('Drug10', 4, 'B1041', 434, TO_DATE('2027-03-14', 'YYYY-MM-DD'));
INSERT INTO Medicine (Drug_Name, Pharmacy_ID, Batch_Number, Stock_Quantity, Expiry_Date) VALUES ('Drug10', 4, 'B1042', 178, TO_DATE('2026-08-02', 'YYYY-MM-DD'));
INSERT INTO Medicine (Drug_Name, Pharmacy_ID, Batch_Number, Stock_Quantity, Expiry_Date) VALUES ('Drug10', 4, 'B1043', 177, TO_DATE('2025-12-01', 'YYYY-MM-DD'));
INSERT INTO Medicine (Drug_Name, Pharmacy_ID, Batch_Number, Stock_Quantity, Expiry_Date) VALUES ('Drug10', 5, 'B1051', 103, TO_DATE('2025-02-15', 'YYYY-MM-DD'));
INSERT INTO Medicine (Drug_Name, Pharmacy_ID, Batch_Number, Stock_Quantity, Expiry_Date) VALUES ('Drug10', 5, 'B1052', 363, TO_DATE('2025-12-18', 'YYYY-MM-DD'));
INSERT INTO Medicine (Drug_Name, Pharmacy_ID, Batch_Number, Stock_Quantity, Expiry_Date) VALUES ('Drug10', 5, 'B1053', 357, TO_DATE('2027-11-07', 'YYYY-MM-DD'));
INSERT INTO Medicine (Drug_Name, Pharmacy_ID, Batch_Number, Stock_Quantity, Expiry_Date) VALUES ('Drug11', 1, 'B1111', 314, TO_DATE('2025-12-01', 'YYYY-MM-DD'));
INSERT INTO Medicine (Drug_Name, Pharmacy_ID, Batch_Number, Stock_Quantity, Expiry_Date) VALUES ('Drug11', 2, 'B1121', 316, TO_DATE('2026-10-16', 'YYYY-MM-DD'));
INSERT INTO Medicine (Drug_Name, Pharmacy_ID, Batch_Number, Stock_Quantity, Expiry_Date) VALUES ('Drug11', 3, 'B1131', 304, TO_DATE('2026-01-24', 'YYYY-MM-DD'));
INSERT INTO Medicine (Drug_Name, Pharmacy_ID, Batch_Number, Stock_Quantity, Expiry_Date) VALUES ('Drug11', 3, 'B1132', 461, TO_DATE('2027-09-23', 'YYYY-MM-DD'));
INSERT INTO Medicine (Drug_Name, Pharmacy_ID, Batch_Number, Stock_Quantity, Expiry_Date) VALUES ('Drug11', 4, 'B1141', 135, TO_DATE('2025-04-28', 'YYYY-MM-DD'));
INSERT INTO Medicine (Drug_Name, Pharmacy_ID, Batch_Number, Stock_Quantity, Expiry_Date) VALUES ('Drug11', 4, 'B1142', 364, TO_DATE('2027-09-10', 'YYYY-MM-DD'));
INSERT INTO Medicine (Drug_Name, Pharmacy_ID, Batch_Number, Stock_Quantity, Expiry_Date) VALUES ('Drug11', 4, 'B1143', 323, TO_DATE('2025-12-21', 'YYYY-MM-DD'));
INSERT INTO Medicine (Drug_Name, Pharmacy_ID, Batch_Number, Stock_Quantity, Expiry_Date) VALUES ('Drug11', 5, 'B1151', 197, TO_DATE('2025-04-30', 'YYYY-MM-DD'));
INSERT INTO Medicine (Drug_Name, Pharmacy_ID, Batch_Number, Stock_Quantity, Expiry_Date) VALUES ('Drug11', 5, 'B1152', 68, TO_DATE('2026-07-06', 'YYYY-MM-DD'));
INSERT INTO Medicine (Drug_Name, Pharmacy_ID, Batch_Number, Stock_Quantity, Expiry_Date) VALUES ('Drug11', 5, 'B1153', 498, TO_DATE('2025-09-22', 'YYYY-MM-DD'));
INSERT INTO Medicine (Drug_Name, Pharmacy_ID, Batch_Number, Stock_Quantity, Expiry_Date) VALUES ('Drug12', 1, 'B1211', 235, TO_DATE('2026-12-14', 'YYYY-MM-DD'));
INSERT INTO Medicine (Drug_Name, Pharmacy_ID, Batch_Number, Stock_Quantity, Expiry_Date) VALUES ('Drug12', 2, 'B1221', 380, TO_DATE('2026-01-17', 'YYYY-MM-DD'));
INSERT INTO Medicine (Drug_Name, Pharmacy_ID, Batch_Number, Stock_Quantity, Expiry_Date) VALUES ('Drug12', 2, 'B1222', 224, TO_DATE('2025-11-22', 'YYYY-MM-DD'));
INSERT INTO Medicine (Drug_Name, Pharmacy_ID, Batch_Number, Stock_Quantity, Expiry_Date) VALUES ('Drug12', 2, 'B1223', 345, TO_DATE('2026-03-12', 'YYYY-MM-DD'));
INSERT INTO Medicine (Drug_Name, Pharmacy_ID, Batch_Number, Stock_Quantity, Expiry_Date) VALUES ('Drug12', 3, 'B1231', 455, TO_DATE('2025-06-27', 'YYYY-MM-DD'));
INSERT INTO Medicine (Drug_Name, Pharmacy_ID, Batch_Number, Stock_Quantity, Expiry_Date) VALUES ('Drug12', 3, 'B1232', 295, TO_DATE('2025-01-08', 'YYYY-MM-DD'));
INSERT INTO Medicine (Drug_Name, Pharmacy_ID, Batch_Number, Stock_Quantity, Expiry_Date) VALUES ('Drug12', 3, 'B1233', 321, TO_DATE('2025-08-12', 'YYYY-MM-DD'));
INSERT INTO Medicine (Drug_Name, Pharmacy_ID, Batch_Number, Stock_Quantity, Expiry_Date) VALUES ('Drug12', 4, 'B1241', 419, TO_DATE('2025-05-14', 'YYYY-MM-DD'));
INSERT INTO Medicine (Drug_Name, Pharmacy_ID, Batch_Number, Stock_Quantity, Expiry_Date) VALUES ('Drug12', 4, 'B1242', 421, TO_DATE('2027-10-17', 'YYYY-MM-DD'));
INSERT INTO Medicine (Drug_Name, Pharmacy_ID, Batch_Number, Stock_Quantity, Expiry_Date) VALUES ('Drug12', 5, 'B1251', 62, TO_DATE('2025-03-02', 'YYYY-MM-DD'));
INSERT INTO Medicine (Drug_Name, Pharmacy_ID, Batch_Number, Stock_Quantity, Expiry_Date) VALUES ('Drug13', 1, 'B1311', 312, TO_DATE('2027-02-28', 'YYYY-MM-DD'));
INSERT INTO Medicine (Drug_Name, Pharmacy_ID, Batch_Number, Stock_Quantity, Expiry_Date) VALUES ('Drug13', 1, 'B1312', 220, TO_DATE('2025-04-12', 'YYYY-MM-DD'));
INSERT INTO Medicine (Drug_Name, Pharmacy_ID, Batch_Number, Stock_Quantity, Expiry_Date) VALUES ('Drug13', 1, 'B1313', 421, TO_DATE('2027-10-09', 'YYYY-MM-DD'));
INSERT INTO Medicine (Drug_Name, Pharmacy_ID, Batch_Number, Stock_Quantity, Expiry_Date) VALUES ('Drug13', 2, 'B1321', 458, TO_DATE('2025-07-26', 'YYYY-MM-DD'));
INSERT INTO Medicine (Drug_Name, Pharmacy_ID, Batch_Number, Stock_Quantity, Expiry_Date) VALUES ('Drug13', 3, 'B1331', 128, TO_DATE('2025-11-28', 'YYYY-MM-DD'));
INSERT INTO Medicine (Drug_Name, Pharmacy_ID, Batch_Number, Stock_Quantity, Expiry_Date) VALUES ('Drug13', 4, 'B1341', 202, TO_DATE('2025-01-08', 'YYYY-MM-DD'));
INSERT INTO Medicine (Drug_Name, Pharmacy_ID, Batch_Number, Stock_Quantity, Expiry_Date) VALUES ('Drug13', 4, 'B1342', 175, TO_DATE('2025-12-15', 'YYYY-MM-DD'));
INSERT INTO Medicine (Drug_Name, Pharmacy_ID, Batch_Number, Stock_Quantity, Expiry_Date) VALUES ('Drug13', 4, 'B1343', 93, TO_DATE('2024-12-16', 'YYYY-MM-DD'));
INSERT INTO Medicine (Drug_Name, Pharmacy_ID, Batch_Number, Stock_Quantity, Expiry_Date) VALUES ('Drug13', 5, 'B1351', 57, TO_DATE('2025-03-05', 'YYYY-MM-DD'));
INSERT INTO Medicine (Drug_Name, Pharmacy_ID, Batch_Number, Stock_Quantity, Expiry_Date) VALUES ('Drug14', 1, 'B1411', 221, TO_DATE('2026-06-30', 'YYYY-MM-DD'));
INSERT INTO Medicine (Drug_Name, Pharmacy_ID, Batch_Number, Stock_Quantity, Expiry_Date) VALUES ('Drug14', 2, 'B1421', 472, TO_DATE('2025-01-27', 'YYYY-MM-DD'));
INSERT INTO Medicine (Drug_Name, Pharmacy_ID, Batch_Number, Stock_Quantity, Expiry_Date) VALUES ('Drug14', 2, 'B1422', 399, TO_DATE('2026-06-16', 'YYYY-MM-DD'));
INSERT INTO Medicine (Drug_Name, Pharmacy_ID, Batch_Number, Stock_Quantity, Expiry_Date) VALUES ('Drug14', 2, 'B1423', 340, TO_DATE('2026-04-24', 'YYYY-MM-DD'));
INSERT INTO Medicine (Drug_Name, Pharmacy_ID, Batch_Number, Stock_Quantity, Expiry_Date) VALUES ('Drug14', 3, 'B1431', 225, TO_DATE('2025-06-25', 'YYYY-MM-DD'));
INSERT INTO Medicine (Drug_Name, Pharmacy_ID, Batch_Number, Stock_Quantity, Expiry_Date) VALUES ('Drug14', 4, 'B1441', 271, TO_DATE('2027-04-25', 'YYYY-MM-DD'));
INSERT INTO Medicine (Drug_Name, Pharmacy_ID, Batch_Number, Stock_Quantity, Expiry_Date) VALUES ('Drug14', 5, 'B1451', 125, TO_DATE('2025-06-15', 'YYYY-MM-DD'));
INSERT INTO Medicine (Drug_Name, Pharmacy_ID, Batch_Number, Stock_Quantity, Expiry_Date) VALUES ('Drug14', 5, 'B1452', 324, TO_DATE('2025-11-09', 'YYYY-MM-DD'));
INSERT INTO Medicine (Drug_Name, Pharmacy_ID, Batch_Number, Stock_Quantity, Expiry_Date) VALUES ('Drug14', 5, 'B1453', 304, TO_DATE('2027-10-10', 'YYYY-MM-DD'));
INSERT INTO Medicine (Drug_Name, Pharmacy_ID, Batch_Number, Stock_Quantity, Expiry_Date) VALUES ('Drug15', 1, 'B1511', 427, TO_DATE('2027-07-02', 'YYYY-MM-DD'));
INSERT INTO Medicine (Drug_Name, Pharmacy_ID, Batch_Number, Stock_Quantity, Expiry_Date) VALUES ('Drug15', 1, 'B1512', 365, TO_DATE('2026-09-28', 'YYYY-MM-DD'));
INSERT INTO Medicine (Drug_Name, Pharmacy_ID, Batch_Number, Stock_Quantity, Expiry_Date) VALUES ('Drug15', 2, 'B1521', 142, TO_DATE('2025-06-18', 'YYYY-MM-DD'));
INSERT INTO Medicine (Drug_Name, Pharmacy_ID, Batch_Number, Stock_Quantity, Expiry_Date) VALUES ('Drug15', 2, 'B1522', 312, TO_DATE('2025-10-20', 'YYYY-MM-DD'));
INSERT INTO Medicine (Drug_Name, Pharmacy_ID, Batch_Number, Stock_Quantity, Expiry_Date) VALUES ('Drug15', 2, 'B1523', 217, TO_DATE('2027-04-10', 'YYYY-MM-DD'));
INSERT INTO Medicine (Drug_Name, Pharmacy_ID, Batch_Number, Stock_Quantity, Expiry_Date) VALUES ('Drug15', 3, 'B1531', 99, TO_DATE('2027-10-19', 'YYYY-MM-DD'));
INSERT INTO Medicine (Drug_Name, Pharmacy_ID, Batch_Number, Stock_Quantity, Expiry_Date) VALUES ('Drug15', 3, 'B1532', 172, TO_DATE('2025-03-05', 'YYYY-MM-DD'));
INSERT INTO Medicine (Drug_Name, Pharmacy_ID, Batch_Number, Stock_Quantity, Expiry_Date) VALUES ('Drug15', 4, 'B1541', 233, TO_DATE('2027-05-26', 'YYYY-MM-DD'));
INSERT INTO Medicine (Drug_Name, Pharmacy_ID, Batch_Number, Stock_Quantity, Expiry_Date) VALUES ('Drug15', 4, 'B1542', 421, TO_DATE('2025-07-04', 'YYYY-MM-DD'));
INSERT INTO Medicine (Drug_Name, Pharmacy_ID, Batch_Number, Stock_Quantity, Expiry_Date) VALUES ('Drug15', 5, 'B1551', 230, TO_DATE('2026-11-14', 'YYYY-MM-DD'));
INSERT INTO Medicine (Drug_Name, Pharmacy_ID, Batch_Number, Stock_Quantity, Expiry_Date) VALUES ('Drug15', 5, 'B1552', 235, TO_DATE('2026-04-14', 'YYYY-MM-DD'));
INSERT INTO Medicine (Drug_Name, Pharmacy_ID, Batch_Number, Stock_Quantity, Expiry_Date) VALUES ('Drug15', 5, 'B1553', 81, TO_DATE('2027-07-22', 'YYYY-MM-DD'));
INSERT INTO Medicine (Drug_Name, Pharmacy_ID, Batch_Number, Stock_Quantity, Expiry_Date) VALUES ('Drug16', 1, 'B1611', 145, TO_DATE('2027-09-07', 'YYYY-MM-DD'));
INSERT INTO Medicine (Drug_Name, Pharmacy_ID, Batch_Number, Stock_Quantity, Expiry_Date) VALUES ('Drug16', 1, 'B1612', 53, TO_DATE('2026-05-19', 'YYYY-MM-DD'));
INSERT INTO Medicine (Drug_Name, Pharmacy_ID, Batch_Number, Stock_Quantity, Expiry_Date) VALUES ('Drug16', 2, 'B1621', 184, TO_DATE('2026-02-22', 'YYYY-MM-DD'));
INSERT INTO Medicine (Drug_Name, Pharmacy_ID, Batch_Number, Stock_Quantity, Expiry_Date) VALUES ('Drug16', 2, 'B1622', 51, TO_DATE('2025-09-10', 'YYYY-MM-DD'));
INSERT INTO Medicine (Drug_Name, Pharmacy_ID, Batch_Number, Stock_Quantity, Expiry_Date) VALUES ('Drug16', 3, 'B1631', 115, TO_DATE('2026-08-02', 'YYYY-MM-DD'));
INSERT INTO Medicine (Drug_Name, Pharmacy_ID, Batch_Number, Stock_Quantity, Expiry_Date) VALUES ('Drug16', 3, 'B1632', 289, TO_DATE('2027-05-21', 'YYYY-MM-DD'));
INSERT INTO Medicine (Drug_Name, Pharmacy_ID, Batch_Number, Stock_Quantity, Expiry_Date) VALUES ('Drug16', 3, 'B1633', 65, TO_DATE('2026-07-03', 'YYYY-MM-DD'));
INSERT INTO Medicine (Drug_Name, Pharmacy_ID, Batch_Number, Stock_Quantity, Expiry_Date) VALUES ('Drug16', 4, 'B1641', 244, TO_DATE('2025-01-03', 'YYYY-MM-DD'));
INSERT INTO Medicine (Drug_Name, Pharmacy_ID, Batch_Number, Stock_Quantity, Expiry_Date) VALUES ('Drug16', 4, 'B1642', 191, TO_DATE('2025-05-11', 'YYYY-MM-DD'));
INSERT INTO Medicine (Drug_Name, Pharmacy_ID, Batch_Number, Stock_Quantity, Expiry_Date) VALUES ('Drug16', 5, 'B1651', 217, TO_DATE('2025-02-09', 'YYYY-MM-DD'));
INSERT INTO Medicine (Drug_Name, Pharmacy_ID, Batch_Number, Stock_Quantity, Expiry_Date) VALUES ('Drug16', 5, 'B1652', 382, TO_DATE('2025-10-27', 'YYYY-MM-DD'));
INSERT INTO Medicine (Drug_Name, Pharmacy_ID, Batch_Number, Stock_Quantity, Expiry_Date) VALUES ('Drug17', 1, 'B1711', 414, TO_DATE('2025-02-15', 'YYYY-MM-DD'));
INSERT INTO Medicine (Drug_Name, Pharmacy_ID, Batch_Number, Stock_Quantity, Expiry_Date) VALUES ('Drug17', 1, 'B1712', 192, TO_DATE('2025-10-11', 'YYYY-MM-DD'));
INSERT INTO Medicine (Drug_Name, Pharmacy_ID, Batch_Number, Stock_Quantity, Expiry_Date) VALUES ('Drug17', 1, 'B1713', 132, TO_DATE('2026-12-06', 'YYYY-MM-DD'));
INSERT INTO Medicine (Drug_Name, Pharmacy_ID, Batch_Number, Stock_Quantity, Expiry_Date) VALUES ('Drug17', 2, 'B1721', 97, TO_DATE('2027-04-19', 'YYYY-MM-DD'));
INSERT INTO Medicine (Drug_Name, Pharmacy_ID, Batch_Number, Stock_Quantity, Expiry_Date) VALUES ('Drug17', 2, 'B1722', 328, TO_DATE('2027-01-21', 'YYYY-MM-DD'));
INSERT INTO Medicine (Drug_Name, Pharmacy_ID, Batch_Number, Stock_Quantity, Expiry_Date) VALUES ('Drug17', 2, 'B1723', 156, TO_DATE('2025-09-17', 'YYYY-MM-DD'));
INSERT INTO Medicine (Drug_Name, Pharmacy_ID, Batch_Number, Stock_Quantity, Expiry_Date) VALUES ('Drug17', 3, 'B1731', 301, TO_DATE('2026-08-11', 'YYYY-MM-DD'));
INSERT INTO Medicine (Drug_Name, Pharmacy_ID, Batch_Number, Stock_Quantity, Expiry_Date) VALUES ('Drug17', 3, 'B1732', 436, TO_DATE('2025-12-14', 'YYYY-MM-DD'));
INSERT INTO Medicine (Drug_Name, Pharmacy_ID, Batch_Number, Stock_Quantity, Expiry_Date) VALUES ('Drug17', 4, 'B1741', 476, TO_DATE('2026-08-14', 'YYYY-MM-DD'));
INSERT INTO Medicine (Drug_Name, Pharmacy_ID, Batch_Number, Stock_Quantity, Expiry_Date) VALUES ('Drug17', 4, 'B1742', 286, TO_DATE('2026-06-30', 'YYYY-MM-DD'));
INSERT INTO Medicine (Drug_Name, Pharmacy_ID, Batch_Number, Stock_Quantity, Expiry_Date) VALUES ('Drug17', 4, 'B1743', 54, TO_DATE('2025-03-03', 'YYYY-MM-DD'));
INSERT INTO Medicine (Drug_Name, Pharmacy_ID, Batch_Number, Stock_Quantity, Expiry_Date) VALUES ('Drug17', 5, 'B1751', 136, TO_DATE('2026-06-05', 'YYYY-MM-DD'));
INSERT INTO Medicine (Drug_Name, Pharmacy_ID, Batch_Number, Stock_Quantity, Expiry_Date) VALUES ('Drug17', 5, 'B1752', 407, TO_DATE('2025-05-14', 'YYYY-MM-DD'));
INSERT INTO Medicine (Drug_Name, Pharmacy_ID, Batch_Number, Stock_Quantity, Expiry_Date) VALUES ('Drug18', 1, 'B1811', 280, TO_DATE('2027-09-11', 'YYYY-MM-DD'));
INSERT INTO Medicine (Drug_Name, Pharmacy_ID, Batch_Number, Stock_Quantity, Expiry_Date) VALUES ('Drug18', 1, 'B1812', 147, TO_DATE('2025-08-17', 'YYYY-MM-DD'));
INSERT INTO Medicine (Drug_Name, Pharmacy_ID, Batch_Number, Stock_Quantity, Expiry_Date) VALUES ('Drug18', 2, 'B1821', 173, TO_DATE('2027-04-27', 'YYYY-MM-DD'));
INSERT INTO Medicine (Drug_Name, Pharmacy_ID, Batch_Number, Stock_Quantity, Expiry_Date) VALUES ('Drug18', 3, 'B1831', 148, TO_DATE('2026-07-22', 'YYYY-MM-DD'));
INSERT INTO Medicine (Drug_Name, Pharmacy_ID, Batch_Number, Stock_Quantity, Expiry_Date) VALUES ('Drug18', 3, 'B1832', 296, TO_DATE('2027-01-28', 'YYYY-MM-DD'));
INSERT INTO Medicine (Drug_Name, Pharmacy_ID, Batch_Number, Stock_Quantity, Expiry_Date) VALUES ('Drug18', 4, 'B1841', 309, TO_DATE('2027-08-10', 'YYYY-MM-DD'));
INSERT INTO Medicine (Drug_Name, Pharmacy_ID, Batch_Number, Stock_Quantity, Expiry_Date) VALUES ('Drug18', 4, 'B1842', 249, TO_DATE('2027-03-25', 'YYYY-MM-DD'));
INSERT INTO Medicine (Drug_Name, Pharmacy_ID, Batch_Number, Stock_Quantity, Expiry_Date) VALUES ('Drug18', 4, 'B1843', 398, TO_DATE('2025-10-17', 'YYYY-MM-DD'));
INSERT INTO Medicine (Drug_Name, Pharmacy_ID, Batch_Number, Stock_Quantity, Expiry_Date) VALUES ('Drug18', 5, 'B1851', 400, TO_DATE('2025-07-23', 'YYYY-MM-DD'));
INSERT INTO Medicine (Drug_Name, Pharmacy_ID, Batch_Number, Stock_Quantity, Expiry_Date) VALUES ('Drug18', 5, 'B1852', 106, TO_DATE('2025-08-17', 'YYYY-MM-DD'));
INSERT INTO Medicine (Drug_Name, Pharmacy_ID, Batch_Number, Stock_Quantity, Expiry_Date) VALUES ('Drug19', 1, 'B1911', 374, TO_DATE('2025-11-01', 'YYYY-MM-DD'));
INSERT INTO Medicine (Drug_Name, Pharmacy_ID, Batch_Number, Stock_Quantity, Expiry_Date) VALUES ('Drug19', 2, 'B1921', 380, TO_DATE('2026-03-02', 'YYYY-MM-DD'));
INSERT INTO Medicine (Drug_Name, Pharmacy_ID, Batch_Number, Stock_Quantity, Expiry_Date) VALUES ('Drug19', 2, 'B1922', 455, TO_DATE('2024-12-25', 'YYYY-MM-DD'));
INSERT INTO Medicine (Drug_Name, Pharmacy_ID, Batch_Number, Stock_Quantity, Expiry_Date) VALUES ('Drug19', 2, 'B1923', 426, TO_DATE('2026-10-29', 'YYYY-MM-DD'));
INSERT INTO Medicine (Drug_Name, Pharmacy_ID, Batch_Number, Stock_Quantity, Expiry_Date) VALUES ('Drug19', 3, 'B1931', 181, TO_DATE('2025-12-16', 'YYYY-MM-DD'));
INSERT INTO Medicine (Drug_Name, Pharmacy_ID, Batch_Number, Stock_Quantity, Expiry_Date) VALUES ('Drug19', 4, 'B1941', 349, TO_DATE('2026-06-22', 'YYYY-MM-DD'));
INSERT INTO Medicine (Drug_Name, Pharmacy_ID, Batch_Number, Stock_Quantity, Expiry_Date) VALUES ('Drug19', 4, 'B1942', 395, TO_DATE('2026-04-09', 'YYYY-MM-DD'));
INSERT INTO Medicine (Drug_Name, Pharmacy_ID, Batch_Number, Stock_Quantity, Expiry_Date) VALUES ('Drug19', 5, 'B1951', 91, TO_DATE('2025-05-15', 'YYYY-MM-DD'));
INSERT INTO Medicine (Drug_Name, Pharmacy_ID, Batch_Number, Stock_Quantity, Expiry_Date) VALUES ('Drug19', 5, 'B1952', 322, TO_DATE('2026-07-06', 'YYYY-MM-DD'));
INSERT INTO Medicine (Drug_Name, Pharmacy_ID, Batch_Number, Stock_Quantity, Expiry_Date) VALUES ('Drug19', 5, 'B1953', 212, TO_DATE('2026-01-19', 'YYYY-MM-DD'));
INSERT INTO Medicine (Drug_Name, Pharmacy_ID, Batch_Number, Stock_Quantity, Expiry_Date) VALUES ('Drug20', 1, 'B2011', 319, TO_DATE('2025-10-31', 'YYYY-MM-DD'));
INSERT INTO Medicine (Drug_Name, Pharmacy_ID, Batch_Number, Stock_Quantity, Expiry_Date) VALUES ('Drug20', 1, 'B2012', 148, TO_DATE('2027-02-21', 'YYYY-MM-DD'));
INSERT INTO Medicine (Drug_Name, Pharmacy_ID, Batch_Number, Stock_Quantity, Expiry_Date) VALUES ('Drug20', 2, 'B2021', 145, TO_DATE('2025-03-18', 'YYYY-MM-DD'));
INSERT INTO Medicine (Drug_Name, Pharmacy_ID, Batch_Number, Stock_Quantity, Expiry_Date) VALUES ('Drug20', 2, 'B2022', 355, TO_DATE('2026-05-01', 'YYYY-MM-DD'));
INSERT INTO Medicine (Drug_Name, Pharmacy_ID, Batch_Number, Stock_Quantity, Expiry_Date) VALUES ('Drug20', 2, 'B2023', 125, TO_DATE('2025-06-10', 'YYYY-MM-DD'));
INSERT INTO Medicine (Drug_Name, Pharmacy_ID, Batch_Number, Stock_Quantity, Expiry_Date) VALUES ('Drug20', 3, 'B2031', 164, TO_DATE('2027-04-26', 'YYYY-MM-DD'));
INSERT INTO Medicine (Drug_Name, Pharmacy_ID, Batch_Number, Stock_Quantity, Expiry_Date) VALUES ('Drug20', 3, 'B2032', 416, TO_DATE('2026-01-18', 'YYYY-MM-DD'));
INSERT INTO Medicine (Drug_Name, Pharmacy_ID, Batch_Number, Stock_Quantity, Expiry_Date) VALUES ('Drug20', 4, 'B2041', 448, TO_DATE('2026-06-17', 'YYYY-MM-DD'));
INSERT INTO Medicine (Drug_Name, Pharmacy_ID, Batch_Number, Stock_Quantity, Expiry_Date) VALUES ('Drug20', 4, 'B2042', 174, TO_DATE('2027-04-28', 'YYYY-MM-DD'));
INSERT INTO Medicine (Drug_Name, Pharmacy_ID, Batch_Number, Stock_Quantity, Expiry_Date) VALUES ('Drug20', 5, 'B2051', 76, TO_DATE('2025-01-01', 'YYYY-MM-DD'));
INSERT INTO Medicine (Drug_Name, Pharmacy_ID, Batch_Number, Stock_Quantity, Expiry_Date) VALUES ('Drug3', 1, 'B313', 3, TO_DATE('2026-05-01', 'YYYY-MM-DD'));
INSERT INTO Medicine (Drug_Name, Pharmacy_ID, Batch_Number, Stock_Quantity, Expiry_Date) VALUES ('Drug5', 2, 'B523', 8, TO_DATE('2026-06-01', 'YYYY-MM-DD'));
INSERT INTO Medicine (Drug_Name, Pharmacy_ID, Batch_Number, Stock_Quantity, Expiry_Date) VALUES ('Drug8', 3, 'B833', 2, TO_DATE('2026-07-01', 'YYYY-MM-DD'));
INSERT INTO Medicine (Drug_Name, Pharmacy_ID, Batch_Number, Stock_Quantity, Expiry_Date) VALUES ('Drug15', 5, 'B1554', 6, TO_DATE('2026-09-01', 'YYYY-MM-DD'));
INSERT INTO Medicine (Drug_Name, Pharmacy_ID, Batch_Number, Stock_Quantity, Expiry_Date) VALUES ('Drug2', 1, 'B214', 1, TO_DATE('2026-10-01', 'YYYY-MM-DD'));
INSERT INTO Medicine (Drug_Name, Pharmacy_ID, Batch_Number, Stock_Quantity, Expiry_Date) VALUES ('Drug7', 3, 'B734', 9, TO_DATE('2026-11-01', 'YYYY-MM-DD'));
INSERT INTO Medicine (Drug_Name, Pharmacy_ID, Batch_Number, Stock_Quantity, Expiry_Date) VALUES ('Drug12', 4, 'B1243', 5, TO_DATE('2026-12-01', 'YYYY-MM-DD'));
INSERT INTO Medicine (Drug_Name, Pharmacy_ID, Batch_Number, Stock_Quantity, Expiry_Date) VALUES ('Drug18', 2, 'B1823', 7, TO_DATE('2027-01-01', 'YYYY-MM-DD'));
INSERT INTO Medicine (Drug_Name, Pharmacy_ID, Batch_Number, Stock_Quantity, Expiry_Date) VALUES ('Drug20', 5, 'B2053', 0, TO_DATE('2027-02-01', 'YYYY-MM-DD'));
INSERT INTO Prescription (Prescription_ID, Prescribed_Date, Note, Customer_SSN, Doctor_ID) VALUES (1, TO_DATE('2025-09-17', 'YYYY-MM-DD'), 'Note 1', '154-80-3077', 10);
INSERT INTO Prescription (Prescription_ID, Prescribed_Date, Note, Customer_SSN, Doctor_ID) VALUES (2, TO_DATE('2025-09-24', 'YYYY-MM-DD'), NULL, '727-85-4591', 4);
INSERT INTO Prescription (Prescription_ID, Prescribed_Date, Note, Customer_SSN, Doctor_ID) VALUES (3, TO_DATE('2025-08-02', 'YYYY-MM-DD'), NULL, '749-56-8047', 1);
INSERT INTO Prescription (Prescription_ID, Prescribed_Date, Note, Customer_SSN, Doctor_ID) VALUES (4, TO_DATE('2025-11-09', 'YYYY-MM-DD'), 'Note 4', '223-13-3359', 1);
INSERT INTO Prescription (Prescription_ID, Prescribed_Date, Note, Customer_SSN, Doctor_ID) VALUES (5, TO_DATE('2025-09-13', 'YYYY-MM-DD'), 'Note 5', '799-95-4115', 2);
INSERT INTO Prescription (Prescription_ID, Prescribed_Date, Note, Customer_SSN, Doctor_ID) VALUES (6, TO_DATE('2025-03-30', 'YYYY-MM-DD'), 'Note 6', '223-13-3359', 3);
INSERT INTO Prescription (Prescription_ID, Prescribed_Date, Note, Customer_SSN, Doctor_ID) VALUES (7, TO_DATE('2025-10-02', 'YYYY-MM-DD'), NULL, '586-33-3869', 8);
INSERT INTO Prescription (Prescription_ID, Prescribed_Date, Note, Customer_SSN, Doctor_ID) VALUES (8, TO_DATE('2025-04-01', 'YYYY-MM-DD'), NULL, '799-95-4115', 3);
INSERT INTO Prescription (Prescription_ID, Prescribed_Date, Note, Customer_SSN, Doctor_ID) VALUES (9, TO_DATE('2025-04-21', 'YYYY-MM-DD'), 'Note 9', '477-94-8184', 10);
INSERT INTO Prescription (Prescription_ID, Prescribed_Date, Note, Customer_SSN, Doctor_ID) VALUES (10, TO_DATE('2025-04-17', 'YYYY-MM-DD'), 'Note 10', '705-99-7056', 9);
INSERT INTO Prescription (Prescription_ID, Prescribed_Date, Note, Customer_SSN, Doctor_ID) VALUES (11, TO_DATE('2025-08-29', 'YYYY-MM-DD'), NULL, '727-85-4591', 1);
INSERT INTO Prescription (Prescription_ID, Prescribed_Date, Note, Customer_SSN, Doctor_ID) VALUES (12, TO_DATE('2025-04-25', 'YYYY-MM-DD'), 'Note 12', '477-94-8184', 5);
INSERT INTO Prescription (Prescription_ID, Prescribed_Date, Note, Customer_SSN, Doctor_ID) VALUES (13, TO_DATE('2025-01-13', 'YYYY-MM-DD'), 'Note 13', '644-19-7248', 2);
INSERT INTO Prescription (Prescription_ID, Prescribed_Date, Note, Customer_SSN, Doctor_ID) VALUES (14, TO_DATE('2025-06-26', 'YYYY-MM-DD'), NULL, '223-13-3359', 10);
INSERT INTO Prescription (Prescription_ID, Prescribed_Date, Note, Customer_SSN, Doctor_ID) VALUES (15, TO_DATE('2025-05-24', 'YYYY-MM-DD'), 'Note 15', '223-13-3359', 9);
INSERT INTO Prescription (Prescription_ID, Prescribed_Date, Note, Customer_SSN, Doctor_ID) VALUES (16, TO_DATE('2025-02-20', 'YYYY-MM-DD'), 'Note 16', '517-67-6379', 7);
INSERT INTO Prescription (Prescription_ID, Prescribed_Date, Note, Customer_SSN, Doctor_ID) VALUES (17, TO_DATE('2024-12-26', 'YYYY-MM-DD'), 'Note 17', '477-94-8184', 10);
INSERT INTO Prescription (Prescription_ID, Prescribed_Date, Note, Customer_SSN, Doctor_ID) VALUES (18, TO_DATE('2025-10-07', 'YYYY-MM-DD'), 'Note 18', '129-43-8723', 9);
INSERT INTO Prescription (Prescription_ID, Prescribed_Date, Note, Customer_SSN, Doctor_ID) VALUES (19, TO_DATE('2025-01-28', 'YYYY-MM-DD'), 'Note 19', '154-80-3077', 4);
INSERT INTO Prescription (Prescription_ID, Prescribed_Date, Note, Customer_SSN, Doctor_ID) VALUES (20, TO_DATE('2025-01-19', 'YYYY-MM-DD'), 'Note 20', '727-85-4591', 8);
INSERT INTO Prescription (Prescription_ID, Prescribed_Date, Note, Customer_SSN, Doctor_ID) VALUES (21, TO_DATE('2025-09-23', 'YYYY-MM-DD'), NULL, '154-80-3077', 10);
INSERT INTO Prescription (Prescription_ID, Prescribed_Date, Note, Customer_SSN, Doctor_ID) VALUES (22, TO_DATE('2025-01-14', 'YYYY-MM-DD'), NULL, '605-57-5869', 6);
INSERT INTO Prescription (Prescription_ID, Prescribed_Date, Note, Customer_SSN, Doctor_ID) VALUES (23, TO_DATE('2025-10-10', 'YYYY-MM-DD'), 'Note 23', '477-94-8184', 4);
INSERT INTO Prescription (Prescription_ID, Prescribed_Date, Note, Customer_SSN, Doctor_ID) VALUES (24, TO_DATE('2025-11-21', 'YYYY-MM-DD'), 'Note 24', '749-56-8047', 2);
INSERT INTO Prescription (Prescription_ID, Prescribed_Date, Note, Customer_SSN, Doctor_ID) VALUES (25, TO_DATE('2025-08-11', 'YYYY-MM-DD'), 'Note 25', '644-19-7248', 5);
INSERT INTO Prescription (Prescription_ID, Prescribed_Date, Note, Customer_SSN, Doctor_ID) VALUES (26, TO_DATE('2025-04-07', 'YYYY-MM-DD'), NULL, '310-22-1245', 10);
INSERT INTO Prescription (Prescription_ID, Prescribed_Date, Note, Customer_SSN, Doctor_ID) VALUES (27, TO_DATE('2025-06-14', 'YYYY-MM-DD'), 'Note 27', '862-31-3150', 9);
INSERT INTO Prescription (Prescription_ID, Prescribed_Date, Note, Customer_SSN, Doctor_ID) VALUES (28, TO_DATE('2025-07-21', 'YYYY-MM-DD'), 'Note 28', '223-13-3359', 8);
INSERT INTO Prescription (Prescription_ID, Prescribed_Date, Note, Customer_SSN, Doctor_ID) VALUES (29, TO_DATE('2025-04-25', 'YYYY-MM-DD'), 'Note 29', '644-19-7248', 6);
INSERT INTO Prescription (Prescription_ID, Prescribed_Date, Note, Customer_SSN, Doctor_ID) VALUES (30, TO_DATE('2025-06-12', 'YYYY-MM-DD'), NULL, '129-43-8723', 9);
INSERT INTO Prescription (Prescription_ID, Prescribed_Date, Note, Customer_SSN, Doctor_ID) VALUES (31, TO_DATE('2025-10-25', 'YYYY-MM-DD'), NULL, '705-99-7056', 10);
INSERT INTO Prescription (Prescription_ID, Prescribed_Date, Note, Customer_SSN, Doctor_ID) VALUES (32, TO_DATE('2025-01-23', 'YYYY-MM-DD'), 'Note 32', '586-33-3869', 8);
INSERT INTO Prescription (Prescription_ID, Prescribed_Date, Note, Customer_SSN, Doctor_ID) VALUES (33, TO_DATE('2025-07-03', 'YYYY-MM-DD'), 'Note 33', '477-94-8184', 2);
INSERT INTO Prescription (Prescription_ID, Prescribed_Date, Note, Customer_SSN, Doctor_ID) VALUES (34, TO_DATE('2025-01-02', 'YYYY-MM-DD'), 'Note 34', '727-85-4591', 8);
INSERT INTO Prescription (Prescription_ID, Prescribed_Date, Note, Customer_SSN, Doctor_ID) VALUES (35, TO_DATE('2025-05-15', 'YYYY-MM-DD'), NULL, '749-56-8047', 8);
INSERT INTO Prescription (Prescription_ID, Prescribed_Date, Note, Customer_SSN, Doctor_ID) VALUES (36, TO_DATE('2025-01-15', 'YYYY-MM-DD'), 'Note 36', '586-33-3869', 2);
INSERT INTO Prescription (Prescription_ID, Prescribed_Date, Note, Customer_SSN, Doctor_ID) VALUES (37, TO_DATE('2025-07-21', 'YYYY-MM-DD'), NULL, '799-95-4115', 8);
INSERT INTO Prescription (Prescription_ID, Prescribed_Date, Note, Customer_SSN, Doctor_ID) VALUES (38, TO_DATE('2025-09-04', 'YYYY-MM-DD'), 'Note 38', '605-57-5869', 10);
INSERT INTO Prescription (Prescription_ID, Prescribed_Date, Note, Customer_SSN, Doctor_ID) VALUES (39, TO_DATE('2025-11-04', 'YYYY-MM-DD'), NULL, '586-33-3869', 3);
INSERT INTO Prescription (Prescription_ID, Prescribed_Date, Note, Customer_SSN, Doctor_ID) VALUES (40, TO_DATE('2024-11-27', 'YYYY-MM-DD'), 'Note 40', '129-43-8723', 7);
INSERT INTO Prescription (Prescription_ID, Prescribed_Date, Note, Customer_SSN, Doctor_ID) VALUES (41, TO_DATE('2025-05-01', 'YYYY-MM-DD'), NULL, '641-38-1862', 6);
INSERT INTO Prescription (Prescription_ID, Prescribed_Date, Note, Customer_SSN, Doctor_ID) VALUES (42, TO_DATE('2025-05-22', 'YYYY-MM-DD'), NULL, '862-31-3150', 6);
INSERT INTO Prescription (Prescription_ID, Prescribed_Date, Note, Customer_SSN, Doctor_ID) VALUES (43, TO_DATE('2025-10-15', 'YYYY-MM-DD'), 'Note 43', '310-22-1245', 8);
INSERT INTO Prescription (Prescription_ID, Prescribed_Date, Note, Customer_SSN, Doctor_ID) VALUES (44, TO_DATE('2025-05-23', 'YYYY-MM-DD'), NULL, '749-56-8047', 8);
INSERT INTO Prescription (Prescription_ID, Prescribed_Date, Note, Customer_SSN, Doctor_ID) VALUES (45, TO_DATE('2025-02-26', 'YYYY-MM-DD'), 'Note 45', '129-43-8723', 2);
INSERT INTO Prescription (Prescription_ID, Prescribed_Date, Note, Customer_SSN, Doctor_ID) VALUES (46, TO_DATE('2025-11-15', 'YYYY-MM-DD'), NULL, '154-80-3077', 2);
INSERT INTO Prescription (Prescription_ID, Prescribed_Date, Note, Customer_SSN, Doctor_ID) VALUES (47, TO_DATE('2025-06-07', 'YYYY-MM-DD'), 'Note 47', '727-85-4591', 8);
INSERT INTO Prescription (Prescription_ID, Prescribed_Date, Note, Customer_SSN, Doctor_ID) VALUES (48, TO_DATE('2025-10-26', 'YYYY-MM-DD'), NULL, '154-80-3077', 10);
INSERT INTO Prescription (Prescription_ID, Prescribed_Date, Note, Customer_SSN, Doctor_ID) VALUES (49, TO_DATE('2024-12-25', 'YYYY-MM-DD'), NULL, '151-24-4349', 7);
INSERT INTO Prescription (Prescription_ID, Prescribed_Date, Note, Customer_SSN, Doctor_ID) VALUES (50, TO_DATE('2025-08-16', 'YYYY-MM-DD'), 'Note 50', '605-57-5869', 4);
INSERT INTO Prescribed_Drugs (Prescription_ID, Drug_Name, Prescribed_Quantity, Refill_Limit) VALUES (1, 'Drug6', 4, 4);
INSERT INTO Prescribed_Drugs (Prescription_ID, Drug_Name, Prescribed_Quantity, Refill_Limit) VALUES (2, 'Drug5', 4, 2);
INSERT INTO Prescribed_Drugs (Prescription_ID, Drug_Name, Prescribed_Quantity, Refill_Limit) VALUES (2, 'Drug1', 5, 4);
INSERT INTO Prescribed_Drugs (Prescription_ID, Drug_Name, Prescribed_Quantity, Refill_Limit) VALUES (3, 'Drug19', 10, 4);
INSERT INTO Prescribed_Drugs (Prescription_ID, Drug_Name, Prescribed_Quantity, Refill_Limit) VALUES (3, 'Drug5', 1, 1);
INSERT INTO Prescribed_Drugs (Prescription_ID, Drug_Name, Prescribed_Quantity, Refill_Limit) VALUES (4, 'Drug5', 5, 0);
INSERT INTO Prescribed_Drugs (Prescription_ID, Drug_Name, Prescribed_Quantity, Refill_Limit) VALUES (4, 'Drug12', 5, 2);
INSERT INTO Prescribed_Drugs (Prescription_ID, Drug_Name, Prescribed_Quantity, Refill_Limit) VALUES (5, 'Drug7', 5, 4);
INSERT INTO Prescribed_Drugs (Prescription_ID, Drug_Name, Prescribed_Quantity, Refill_Limit) VALUES (6, 'Drug8', 7, 4);
INSERT INTO Prescribed_Drugs (Prescription_ID, Drug_Name, Prescribed_Quantity, Refill_Limit) VALUES (6, 'Drug16', 8, 5);
INSERT INTO Prescribed_Drugs (Prescription_ID, Drug_Name, Prescribed_Quantity, Refill_Limit) VALUES (7, 'Drug8', 8, 5);
INSERT INTO Prescribed_Drugs (Prescription_ID, Drug_Name, Prescribed_Quantity, Refill_Limit) VALUES (7, 'Drug14', 4, 0);
INSERT INTO Prescribed_Drugs (Prescription_ID, Drug_Name, Prescribed_Quantity, Refill_Limit) VALUES (8, 'Drug20', 3, 2);
INSERT INTO Prescribed_Drugs (Prescription_ID, Drug_Name, Prescribed_Quantity, Refill_Limit) VALUES (9, 'Drug1', 10, 2);
INSERT INTO Prescribed_Drugs (Prescription_ID, Drug_Name, Prescribed_Quantity, Refill_Limit) VALUES (10, 'Drug17', 2, 4);
INSERT INTO Prescribed_Drugs (Prescription_ID, Drug_Name, Prescribed_Quantity, Refill_Limit) VALUES (10, 'Drug2', 5, 4);
INSERT INTO Prescribed_Drugs (Prescription_ID, Drug_Name, Prescribed_Quantity, Refill_Limit) VALUES (11, 'Drug3', 9, 2);
INSERT INTO Prescribed_Drugs (Prescription_ID, Drug_Name, Prescribed_Quantity, Refill_Limit) VALUES (12, 'Drug1', 10, 4);
INSERT INTO Prescribed_Drugs (Prescription_ID, Drug_Name, Prescribed_Quantity, Refill_Limit) VALUES (12, 'Drug12', 1, 0);
INSERT INTO Prescribed_Drugs (Prescription_ID, Drug_Name, Prescribed_Quantity, Refill_Limit) VALUES (13, 'Drug1', 10, 4);
INSERT INTO Prescribed_Drugs (Prescription_ID, Drug_Name, Prescribed_Quantity, Refill_Limit) VALUES (13, 'Drug17', 3, 1);
INSERT INTO Prescribed_Drugs (Prescription_ID, Drug_Name, Prescribed_Quantity, Refill_Limit) VALUES (14, 'Drug15', 8, 3);
INSERT INTO Prescribed_Drugs (Prescription_ID, Drug_Name, Prescribed_Quantity, Refill_Limit) VALUES (14, 'Drug4', 3, 0);
INSERT INTO Prescribed_Drugs (Prescription_ID, Drug_Name, Prescribed_Quantity, Refill_Limit) VALUES (15, 'Drug17', 10, 1);
INSERT INTO Prescribed_Drugs (Prescription_ID, Drug_Name, Prescribed_Quantity, Refill_Limit) VALUES (15, 'Drug6', 8, 3);
INSERT INTO Prescribed_Drugs (Prescription_ID, Drug_Name, Prescribed_Quantity, Refill_Limit) VALUES (15, 'Drug20', 2, 1);
INSERT INTO Prescribed_Drugs (Prescription_ID, Drug_Name, Prescribed_Quantity, Refill_Limit) VALUES (16, 'Drug15', 1, 2);
INSERT INTO Prescribed_Drugs (Prescription_ID, Drug_Name, Prescribed_Quantity, Refill_Limit) VALUES (17, 'Drug7', 5, 2);
INSERT INTO Prescribed_Drugs (Prescription_ID, Drug_Name, Prescribed_Quantity, Refill_Limit) VALUES (17, 'Drug9', 7, 3);
INSERT INTO Prescribed_Drugs (Prescription_ID, Drug_Name, Prescribed_Quantity, Refill_Limit) VALUES (18, 'Drug4', 10, 2);
INSERT INTO Prescribed_Drugs (Prescription_ID, Drug_Name, Prescribed_Quantity, Refill_Limit) VALUES (18, 'Drug8', 1, 1);
INSERT INTO Prescribed_Drugs (Prescription_ID, Drug_Name, Prescribed_Quantity, Refill_Limit) VALUES (18, 'Drug2', 3, 1);
INSERT INTO Prescribed_Drugs (Prescription_ID, Drug_Name, Prescribed_Quantity, Refill_Limit) VALUES (19, 'Drug10', 6, 4);
INSERT INTO Prescribed_Drugs (Prescription_ID, Drug_Name, Prescribed_Quantity, Refill_Limit) VALUES (19, 'Drug5', 9, 3);
INSERT INTO Prescribed_Drugs (Prescription_ID, Drug_Name, Prescribed_Quantity, Refill_Limit) VALUES (20, 'Drug10', 10, 3);
INSERT INTO Prescribed_Drugs (Prescription_ID, Drug_Name, Prescribed_Quantity, Refill_Limit) VALUES (21, 'Drug14', 8, 5);
INSERT INTO Prescribed_Drugs (Prescription_ID, Drug_Name, Prescribed_Quantity, Refill_Limit) VALUES (22, 'Drug4', 5, 5);
INSERT INTO Prescribed_Drugs (Prescription_ID, Drug_Name, Prescribed_Quantity, Refill_Limit) VALUES (22, 'Drug17', 2, 3);
INSERT INTO Prescribed_Drugs (Prescription_ID, Drug_Name, Prescribed_Quantity, Refill_Limit) VALUES (22, 'Drug6', 5, 2);
INSERT INTO Prescribed_Drugs (Prescription_ID, Drug_Name, Prescribed_Quantity, Refill_Limit) VALUES (23, 'Drug18', 3, 5);
INSERT INTO Prescribed_Drugs (Prescription_ID, Drug_Name, Prescribed_Quantity, Refill_Limit) VALUES (24, 'Drug5', 8, 3);
INSERT INTO Prescribed_Drugs (Prescription_ID, Drug_Name, Prescribed_Quantity, Refill_Limit) VALUES (24, 'Drug19', 7, 0);
INSERT INTO Prescribed_Drugs (Prescription_ID, Drug_Name, Prescribed_Quantity, Refill_Limit) VALUES (24, 'Drug2', 3, 0);
INSERT INTO Prescribed_Drugs (Prescription_ID, Drug_Name, Prescribed_Quantity, Refill_Limit) VALUES (25, 'Drug9', 10, 4);
INSERT INTO Prescribed_Drugs (Prescription_ID, Drug_Name, Prescribed_Quantity, Refill_Limit) VALUES (26, 'Drug15', 1, 5);
INSERT INTO Prescribed_Drugs (Prescription_ID, Drug_Name, Prescribed_Quantity, Refill_Limit) VALUES (27, 'Drug17', 1, 3);
INSERT INTO Prescribed_Drugs (Prescription_ID, Drug_Name, Prescribed_Quantity, Refill_Limit) VALUES (27, 'Drug12', 7, 0);
INSERT INTO Prescribed_Drugs (Prescription_ID, Drug_Name, Prescribed_Quantity, Refill_Limit) VALUES (28, 'Drug4', 9, 5);
INSERT INTO Prescribed_Drugs (Prescription_ID, Drug_Name, Prescribed_Quantity, Refill_Limit) VALUES (28, 'Drug3', 6, 1);
INSERT INTO Prescribed_Drugs (Prescription_ID, Drug_Name, Prescribed_Quantity, Refill_Limit) VALUES (29, 'Drug4', 6, 1);
INSERT INTO Prescribed_Drugs (Prescription_ID, Drug_Name, Prescribed_Quantity, Refill_Limit) VALUES (30, 'Drug14', 1, 3);
INSERT INTO Prescribed_Drugs (Prescription_ID, Drug_Name, Prescribed_Quantity, Refill_Limit) VALUES (31, 'Drug8', 2, 2);
INSERT INTO Prescribed_Drugs (Prescription_ID, Drug_Name, Prescribed_Quantity, Refill_Limit) VALUES (32, 'Drug16', 10, 4);
INSERT INTO Prescribed_Drugs (Prescription_ID, Drug_Name, Prescribed_Quantity, Refill_Limit) VALUES (33, 'Drug4', 9, 1);
INSERT INTO Prescribed_Drugs (Prescription_ID, Drug_Name, Prescribed_Quantity, Refill_Limit) VALUES (34, 'Drug12', 8, 4);
INSERT INTO Prescribed_Drugs (Prescription_ID, Drug_Name, Prescribed_Quantity, Refill_Limit) VALUES (34, 'Drug14', 4, 4);
INSERT INTO Prescribed_Drugs (Prescription_ID, Drug_Name, Prescribed_Quantity, Refill_Limit) VALUES (35, 'Drug5', 1, 1);
INSERT INTO Prescribed_Drugs (Prescription_ID, Drug_Name, Prescribed_Quantity, Refill_Limit) VALUES (36, 'Drug5', 3, 5);
INSERT INTO Prescribed_Drugs (Prescription_ID, Drug_Name, Prescribed_Quantity, Refill_Limit) VALUES (36, 'Drug1', 2, 2);
INSERT INTO Prescribed_Drugs (Prescription_ID, Drug_Name, Prescribed_Quantity, Refill_Limit) VALUES (36, 'Drug19', 10, 4);
INSERT INTO Prescribed_Drugs (Prescription_ID, Drug_Name, Prescribed_Quantity, Refill_Limit) VALUES (37, 'Drug1', 10, 2);
INSERT INTO Prescribed_Drugs (Prescription_ID, Drug_Name, Prescribed_Quantity, Refill_Limit) VALUES (37, 'Drug16', 3, 0);
INSERT INTO Prescribed_Drugs (Prescription_ID, Drug_Name, Prescribed_Quantity, Refill_Limit) VALUES (38, 'Drug15', 2, 3);
INSERT INTO Prescribed_Drugs (Prescription_ID, Drug_Name, Prescribed_Quantity, Refill_Limit) VALUES (39, 'Drug16', 9, 0);
INSERT INTO Prescribed_Drugs (Prescription_ID, Drug_Name, Prescribed_Quantity, Refill_Limit) VALUES (39, 'Drug9', 10, 4);
INSERT INTO Prescribed_Drugs (Prescription_ID, Drug_Name, Prescribed_Quantity, Refill_Limit) VALUES (40, 'Drug9', 7, 5);
INSERT INTO Prescribed_Drugs (Prescription_ID, Drug_Name, Prescribed_Quantity, Refill_Limit) VALUES (41, 'Drug12', 3, 1);
INSERT INTO Prescribed_Drugs (Prescription_ID, Drug_Name, Prescribed_Quantity, Refill_Limit) VALUES (41, 'Drug16', 6, 4);
INSERT INTO Prescribed_Drugs (Prescription_ID, Drug_Name, Prescribed_Quantity, Refill_Limit) VALUES (42, 'Drug4', 8, 4);
INSERT INTO Prescribed_Drugs (Prescription_ID, Drug_Name, Prescribed_Quantity, Refill_Limit) VALUES (42, 'Drug3', 8, 0);
INSERT INTO Prescribed_Drugs (Prescription_ID, Drug_Name, Prescribed_Quantity, Refill_Limit) VALUES (42, 'Drug1', 8, 4);
INSERT INTO Prescribed_Drugs (Prescription_ID, Drug_Name, Prescribed_Quantity, Refill_Limit) VALUES (43, 'Drug6', 5, 4);
INSERT INTO Prescribed_Drugs (Prescription_ID, Drug_Name, Prescribed_Quantity, Refill_Limit) VALUES (44, 'Drug3', 1, 0);
INSERT INTO Prescribed_Drugs (Prescription_ID, Drug_Name, Prescribed_Quantity, Refill_Limit) VALUES (45, 'Drug11', 8, 4);
INSERT INTO Prescribed_Drugs (Prescription_ID, Drug_Name, Prescribed_Quantity, Refill_Limit) VALUES (45, 'Drug9', 4, 3);
INSERT INTO Prescribed_Drugs (Prescription_ID, Drug_Name, Prescribed_Quantity, Refill_Limit) VALUES (46, 'Drug4', 4, 3);
INSERT INTO Prescribed_Drugs (Prescription_ID, Drug_Name, Prescribed_Quantity, Refill_Limit) VALUES (46, 'Drug11', 3, 3);
INSERT INTO Prescribed_Drugs (Prescription_ID, Drug_Name, Prescribed_Quantity, Refill_Limit) VALUES (47, 'Drug17', 10, 3);
INSERT INTO Prescribed_Drugs (Prescription_ID, Drug_Name, Prescribed_Quantity, Refill_Limit) VALUES (47, 'Drug1', 3, 2);
INSERT INTO Prescribed_Drugs (Prescription_ID, Drug_Name, Prescribed_Quantity, Refill_Limit) VALUES (47, 'Drug7', 8, 3);
INSERT INTO Prescribed_Drugs (Prescription_ID, Drug_Name, Prescribed_Quantity, Refill_Limit) VALUES (48, 'Drug5', 5, 3);
INSERT INTO Prescribed_Drugs (Prescription_ID, Drug_Name, Prescribed_Quantity, Refill_Limit) VALUES (48, 'Drug19', 10, 1);
INSERT INTO Prescribed_Drugs (Prescription_ID, Drug_Name, Prescribed_Quantity, Refill_Limit) VALUES (49, 'Drug8', 4, 2);
INSERT INTO Prescribed_Drugs (Prescription_ID, Drug_Name, Prescribed_Quantity, Refill_Limit) VALUES (49, 'Drug3', 8, 3);
INSERT INTO Prescribed_Drugs (Prescription_ID, Drug_Name, Prescribed_Quantity, Refill_Limit) VALUES (49, 'Drug17', 3, 5);
INSERT INTO Prescribed_Drugs (Prescription_ID, Drug_Name, Prescribed_Quantity, Refill_Limit) VALUES (50, 'Drug3', 8, 3);
INSERT INTO "Order" (Order_ID, Order_Date, Total_Amount, Type, Status, Customer_SSN, Employee_ID, Prescription_ID) VALUES (1, TO_DATE('2025-07-27', 'YYYY-MM-DD'), 103.43, 'urgent', 'complete', '586-33-3869', 2, 7);
INSERT INTO "Order" (Order_ID, Order_Date, Total_Amount, Type, Status, Customer_SSN, Employee_ID, Prescription_ID) VALUES (2, TO_DATE('2025-10-20', 'YYYY-MM-DD'), 52.2, 'urgent', 'incomplete', '586-33-3869', 9, 32);
INSERT INTO "Order" (Order_ID, Order_Date, Total_Amount, Type, Status, Customer_SSN, Employee_ID, Prescription_ID) VALUES (3, TO_DATE('2025-05-04', 'YYYY-MM-DD'), 319.29, 'normal', 'incomplete', '727-85-4591', 10, 47);
INSERT INTO "Order" (Order_ID, Order_Date, Total_Amount, Type, Status, Customer_SSN, Employee_ID, Prescription_ID) VALUES (4, TO_DATE('2025-07-14', 'YYYY-MM-DD'), 85.76, 'urgent', 'complete', '477-94-8184', 10, 33);
INSERT INTO "Order" (Order_ID, Order_Date, Total_Amount, Type, Status, Customer_SSN, Employee_ID, Prescription_ID) VALUES (5, TO_DATE('2025-06-24', 'YYYY-MM-DD'), 56.07, 'normal', 'complete', '727-85-4591', 7, 11);
INSERT INTO "Order" (Order_ID, Order_Date, Total_Amount, Type, Status, Customer_SSN, Employee_ID, Prescription_ID) VALUES (6, TO_DATE('2024-03-06', 'YYYY-MM-DD'), 667.16, 'normal', 'complete', '223-13-3359', 4, 15);
INSERT INTO "Order" (Order_ID, Order_Date, Total_Amount, Type, Status, Customer_SSN, Employee_ID, Prescription_ID) VALUES (7, TO_DATE('2025-10-16', 'YYYY-MM-DD'), 14.84, 'normal', 'incomplete', '517-67-6379', 7, 16);
INSERT INTO "Order" (Order_ID, Order_Date, Total_Amount, Type, Status, Customer_SSN, Employee_ID, Prescription_ID) VALUES (8, TO_DATE('2025-05-29', 'YYYY-MM-DD'), 116.55, 'normal', 'incomplete', '799-95-4115', 11, 5);
INSERT INTO "Order" (Order_ID, Order_Date, Total_Amount, Type, Status, Customer_SSN, Employee_ID, Prescription_ID) VALUES (9, TO_DATE('2024-10-09', 'YYYY-MM-DD'), 32.04, 'normal', 'complete', '727-85-4591', 3, 11);
INSERT INTO "Order" (Order_ID, Order_Date, Total_Amount, Type, Status, Customer_SSN, Employee_ID, Prescription_ID) VALUES (10, TO_DATE('2024-06-07', 'YYYY-MM-DD'), 14.84, 'normal', 'complete', '310-22-1245', 9, 26);
INSERT INTO "Order" (Order_ID, Order_Date, Total_Amount, Type, Status, Customer_SSN, Employee_ID, Prescription_ID) VALUES (11, TO_DATE('2024-06-08', 'YYYY-MM-DD'), 733.29, 'normal', 'complete', '749-56-8047', 5, 3);
INSERT INTO "Order" (Order_ID, Order_Date, Total_Amount, Type, Status, Customer_SSN, Employee_ID, Prescription_ID) VALUES (12, TO_DATE('2024-07-30', 'YYYY-MM-DD'), 93.44, 'normal', 'complete', '799-95-4115', 5, 8);
INSERT INTO "Order" (Order_ID, Order_Date, Total_Amount, Type, Status, Customer_SSN, Employee_ID, Prescription_ID) VALUES (13, TO_DATE('2024-01-13', 'YYYY-MM-DD'), 81.86, 'normal', 'complete', '154-80-3077', 11, 21);
INSERT INTO "Order" (Order_ID, Order_Date, Total_Amount, Type, Status, Customer_SSN, Employee_ID, Prescription_ID) VALUES (14, TO_DATE('2025-09-19', 'YYYY-MM-DD'), 64.32, 'urgent', 'complete', '644-19-7248', 6, 29);
INSERT INTO "Order" (Order_ID, Order_Date, Total_Amount, Type, Status, Customer_SSN, Employee_ID, Prescription_ID) VALUES (15, TO_DATE('2025-11-14', 'YYYY-MM-DD'), 661.96, 'urgent', 'incomplete', '749-56-8047', 15, 24);
INSERT INTO "Order" (Order_ID, Order_Date, Total_Amount, Type, Status, Customer_SSN, Employee_ID, Prescription_ID) VALUES (16, TO_DATE('2025-09-21', 'YYYY-MM-DD'), 207.96, 'urgent', 'incomplete', '727-85-4591', 3, 20);
INSERT INTO "Order" (Order_ID, Order_Date, Total_Amount, Type, Status, Customer_SSN, Employee_ID, Prescription_ID) VALUES (17, TO_DATE('2025-07-29', 'YYYY-MM-DD'), 497.5, 'normal', 'complete', '129-43-8723', 15, 40);
INSERT INTO "Order" (Order_ID, Order_Date, Total_Amount, Type, Status, Customer_SSN, Employee_ID, Prescription_ID) VALUES (18, TO_DATE('2024-11-03', 'YYYY-MM-DD'), 354.39, 'normal', 'incomplete', '151-24-4349', 7, 49);
INSERT INTO "Order" (Order_ID, Order_Date, Total_Amount, Type, Status, Customer_SSN, Employee_ID, Prescription_ID) VALUES (19, TO_DATE('2024-09-25', 'YYYY-MM-DD'), 14.84, 'normal', 'incomplete', '605-57-5869', 9, 38);
INSERT INTO "Order" (Order_ID, Order_Date, Total_Amount, Type, Status, Customer_SSN, Employee_ID, Prescription_ID) VALUES (20, TO_DATE('2024-09-30', 'YYYY-MM-DD'), 169.92, 'normal', 'complete', '223-13-3359', 5, 4);
INSERT INTO "Order" (Order_ID, Order_Date, Total_Amount, Type, Status, Customer_SSN, Employee_ID, Prescription_ID) VALUES (21, TO_DATE('2024-07-20', 'YYYY-MM-DD'), 240.3, 'urgent', 'complete', '129-43-8723', 4, 45);
INSERT INTO "Order" (Order_ID, Order_Date, Total_Amount, Type, Status, Customer_SSN, Employee_ID, Prescription_ID) VALUES (22, TO_DATE('2025-10-01', 'YYYY-MM-DD'), 727.82, 'urgent', 'incomplete', '586-33-3869', 13, 39);
INSERT INTO "Order" (Order_ID, Order_Date, Total_Amount, Type, Status, Customer_SSN, Employee_ID, Prescription_ID) VALUES (23, TO_DATE('2024-02-14', 'YYYY-MM-DD'), 169.92, 'urgent', 'incomplete', '154-80-3077', 6, 46);
INSERT INTO "Order" (Order_ID, Order_Date, Total_Amount, Type, Status, Customer_SSN, Employee_ID, Prescription_ID) VALUES (24, TO_DATE('2024-03-28', 'YYYY-MM-DD'), 160.86, 'urgent', 'complete', '154-80-3077', 12, 1);
INSERT INTO "Order" (Order_ID, Order_Date, Total_Amount, Type, Status, Customer_SSN, Employee_ID, Prescription_ID) VALUES (25, TO_DATE('2024-03-12', 'YYYY-MM-DD'), 36.54, 'urgent', 'complete', '586-33-3869', 12, 32);
INSERT INTO "Order" (Order_ID, Order_Date, Total_Amount, Type, Status, Customer_SSN, Employee_ID, Prescription_ID) VALUES (26, TO_DATE('2024-07-10', 'YYYY-MM-DD'), 65.96, 'normal', 'complete', '223-13-3359', 3, 14);
INSERT INTO "Order" (Order_ID, Order_Date, Total_Amount, Type, Status, Customer_SSN, Employee_ID, Prescription_ID) VALUES (27, TO_DATE('2025-02-20', 'YYYY-MM-DD'), 43.14, 'urgent', 'complete', '705-99-7056', 1, 31);
INSERT INTO "Order" (Order_ID, Order_Date, Total_Amount, Type, Status, Customer_SSN, Employee_ID, Prescription_ID) VALUES (28, TO_DATE('2025-11-15', 'YYYY-MM-DD'), 142.26, 'normal', 'complete', '641-38-1862', 13, 41);
INSERT INTO "Order" (Order_ID, Order_Date, Total_Amount, Type, Status, Customer_SSN, Employee_ID, Prescription_ID) VALUES (29, TO_DATE('2025-05-23', 'YYYY-MM-DD'), 85.76, 'urgent', 'complete', '644-19-7248', 9, 29);
INSERT INTO "Order" (Order_ID, Order_Date, Total_Amount, Type, Status, Customer_SSN, Employee_ID, Prescription_ID) VALUES (30, TO_DATE('2025-11-15', 'YYYY-MM-DD'), 502.48, 'normal', 'incomplete', '727-85-4591', 4, 47);
INSERT INTO "Order" (Order_ID, Order_Date, Total_Amount, Type, Status, Customer_SSN, Employee_ID, Prescription_ID) VALUES (31, TO_DATE('2025-11-21', 'YYYY-MM-DD'), 56.07, 'urgent', 'incomplete', '605-57-5869', 13, 50);
INSERT INTO "Order" (Order_ID, Order_Date, Total_Amount, Type, Status, Customer_SSN, Employee_ID, Prescription_ID) VALUES (32, TO_DATE('2025-11-05', 'YYYY-MM-DD'), 69.93, 'urgent', 'incomplete', '799-95-4115', 5, 5);
INSERT INTO "Order" (Order_ID, Order_Date, Total_Amount, Type, Status, Customer_SSN, Employee_ID, Prescription_ID) VALUES (33, TO_DATE('2024-05-02', 'YYYY-MM-DD'), 497.5, 'normal', 'incomplete', '129-43-8723', 5, 40);
INSERT INTO "Order" (Order_ID, Order_Date, Total_Amount, Type, Status, Customer_SSN, Employee_ID, Prescription_ID) VALUES (34, TO_DATE('2025-10-30', 'YYYY-MM-DD'), 544.48, 'urgent', 'complete', '586-33-3869', 6, 39);
INSERT INTO "Order" (Order_ID, Order_Date, Total_Amount, Type, Status, Customer_SSN, Employee_ID, Prescription_ID) VALUES (35, TO_DATE('2025-01-28', 'YYYY-MM-DD'), 162.35, 'normal', 'incomplete', '862-31-3150', 6, 42);
INSERT INTO "Order" (Order_ID, Order_Date, Total_Amount, Type, Status, Customer_SSN, Employee_ID, Prescription_ID) VALUES (36, TO_DATE('2024-04-15', 'YYYY-MM-DD'), 79.46, 'normal', 'incomplete', '477-94-8184', 11, 23);
INSERT INTO "Order" (Order_ID, Order_Date, Total_Amount, Type, Status, Customer_SSN, Employee_ID, Prescription_ID) VALUES (37, TO_DATE('2024-04-04', 'YYYY-MM-DD'), 93.31, 'urgent', 'incomplete', '799-95-4115', 11, 5);
INSERT INTO "Order" (Order_ID, Order_Date, Total_Amount, Type, Status, Customer_SSN, Employee_ID, Prescription_ID) VALUES (38, TO_DATE('2025-05-29', 'YYYY-MM-DD'), 214.57, 'urgent', 'incomplete', '862-31-3150', 3, 42);
INSERT INTO "Order" (Order_ID, Order_Date, Total_Amount, Type, Status, Customer_SSN, Employee_ID, Prescription_ID) VALUES (39, TO_DATE('2024-08-01', 'YYYY-MM-DD'), 85.76, 'urgent', 'complete', '644-19-7248', 15, 29);
INSERT INTO "Order" (Order_ID, Order_Date, Total_Amount, Type, Status, Customer_SSN, Employee_ID, Prescription_ID) VALUES (40, TO_DATE('2025-05-19', 'YYYY-MM-DD'), 91.84, 'normal', 'incomplete', '154-80-3077', 13, 46);
INSERT INTO "Order" (Order_ID, Order_Date, Total_Amount, Type, Status, Customer_SSN, Employee_ID, Prescription_ID) VALUES (41, TO_DATE('2024-11-25', 'YYYY-MM-DD'), 57.98, 'normal', 'complete', '477-94-8184', 13, 12);
INSERT INTO "Order" (Order_ID, Order_Date, Total_Amount, Type, Status, Customer_SSN, Employee_ID, Prescription_ID) VALUES (42, TO_DATE('2024-12-06', 'YYYY-MM-DD'), 24.03, 'urgent', 'complete', '605-57-5869', 1, 50);
INSERT INTO "Order" (Order_ID, Order_Date, Total_Amount, Type, Status, Customer_SSN, Employee_ID, Prescription_ID) VALUES (43, TO_DATE('2025-08-20', 'YYYY-MM-DD'), 66.54, 'urgent', 'complete', '799-95-4115', 15, 37);
INSERT INTO "Order" (Order_ID, Order_Date, Total_Amount, Type, Status, Customer_SSN, Employee_ID, Prescription_ID) VALUES (44, TO_DATE('2024-12-08', 'YYYY-MM-DD'), 79.73, 'urgent', 'incomplete', '749-56-8047', 4, 3);
INSERT INTO "Order" (Order_ID, Order_Date, Total_Amount, Type, Status, Customer_SSN, Employee_ID, Prescription_ID) VALUES (45, TO_DATE('2024-10-13', 'YYYY-MM-DD'), 133.13, 'normal', 'incomplete', '154-80-3077', 3, 19);
INSERT INTO "Order" (Order_ID, Order_Date, Total_Amount, Type, Status, Customer_SSN, Employee_ID, Prescription_ID) VALUES (46, TO_DATE('2025-04-23', 'YYYY-MM-DD'), 660.85, 'urgent', 'complete', '749-56-8047', 5, 3);
INSERT INTO "Order" (Order_ID, Order_Date, Total_Amount, Type, Status, Customer_SSN, Employee_ID, Prescription_ID) VALUES (47, TO_DATE('2025-03-05', 'YYYY-MM-DD'), 96.58, 'urgent', 'incomplete', '641-38-1862', 1, 41);
INSERT INTO "Order" (Order_ID, Order_Date, Total_Amount, Type, Status, Customer_SSN, Employee_ID, Prescription_ID) VALUES (48, TO_DATE('2025-03-16', 'YYYY-MM-DD'), 197.29, 'urgent', 'incomplete', '223-13-3359', 8, 4);
INSERT INTO "Order" (Order_ID, Order_Date, Total_Amount, Type, Status, Customer_SSN, Employee_ID, Prescription_ID) VALUES (49, TO_DATE('2024-05-02', 'YYYY-MM-DD'), 497.5, 'normal', 'complete', '129-43-8723', 5, 40);
INSERT INTO "Order" (Order_ID, Order_Date, Total_Amount, Type, Status, Customer_SSN, Employee_ID, Prescription_ID) VALUES (50, TO_DATE('2024-05-27', 'YYYY-MM-DD'), 14.84, 'normal', 'incomplete', '517-67-6379', 14, 16);
INSERT INTO "Order" (Order_ID, Order_Date, Total_Amount, Type, Status, Customer_SSN, Employee_ID, Prescription_ID) VALUES (51, TO_DATE('2025-09-25', 'YYYY-MM-DD'), 91.1, 'urgent', 'complete', '749-56-8047', 14, 24);
INSERT INTO "Order" (Order_ID, Order_Date, Total_Amount, Type, Status, Customer_SSN, Employee_ID, Prescription_ID) VALUES (52, TO_DATE('2024-08-07', 'YYYY-MM-DD'), 365.08, 'normal', 'complete', '727-85-4591', 5, 34);
INSERT INTO "Order" (Order_ID, Order_Date, Total_Amount, Type, Status, Customer_SSN, Employee_ID, Prescription_ID) VALUES (53, TO_DATE('2025-06-26', 'YYYY-MM-DD'), 107.24, 'urgent', 'complete', '154-80-3077', 15, 1);
INSERT INTO "Order" (Order_ID, Order_Date, Total_Amount, Type, Status, Customer_SSN, Employee_ID, Prescription_ID) VALUES (54, TO_DATE('2024-07-10', 'YYYY-MM-DD'), 65.96, 'normal', 'complete', '223-13-3359', 3, 14);
INSERT INTO "Order" (Order_ID, Order_Date, Total_Amount, Type, Status, Customer_SSN, Employee_ID, Prescription_ID) VALUES (55, TO_DATE('2025-09-02', 'YYYY-MM-DD'), 98.04, 'urgent', 'complete', '799-95-4115', 14, 37);
INSERT INTO "Order" (Order_ID, Order_Date, Total_Amount, Type, Status, Customer_SSN, Employee_ID, Prescription_ID) VALUES (56, TO_DATE('2024-12-03', 'YYYY-MM-DD'), 75.3, 'urgent', 'incomplete', '799-95-4115', 4, 37);
INSERT INTO "Order" (Order_ID, Order_Date, Total_Amount, Type, Status, Customer_SSN, Employee_ID, Prescription_ID) VALUES (57, TO_DATE('2025-10-30', 'YYYY-MM-DD'), 127.04, 'normal', 'incomplete', '154-80-3077', 1, 46);
INSERT INTO "Order" (Order_ID, Order_Date, Total_Amount, Type, Status, Customer_SSN, Employee_ID, Prescription_ID) VALUES (58, TO_DATE('2024-02-16', 'YYYY-MM-DD'), 320.92, 'urgent', 'complete', '605-57-5869', 3, 22);
INSERT INTO "Order" (Order_ID, Order_Date, Total_Amount, Type, Status, Customer_SSN, Employee_ID, Prescription_ID) VALUES (59, TO_DATE('2024-05-23', 'YYYY-MM-DD'), 93.44, 'normal', 'complete', '799-95-4115', 3, 8);
INSERT INTO "Order" (Order_ID, Order_Date, Total_Amount, Type, Status, Customer_SSN, Employee_ID, Prescription_ID) VALUES (60, TO_DATE('2025-10-26', 'YYYY-MM-DD'), 14.84, 'urgent', 'complete', '517-67-6379', 8, 16);
INSERT INTO "Order" (Order_ID, Order_Date, Total_Amount, Type, Status, Customer_SSN, Employee_ID, Prescription_ID) VALUES (61, TO_DATE('2024-01-19', 'YYYY-MM-DD'), 566.78, 'normal', 'complete', '605-57-5869', 2, 22);
INSERT INTO "Order" (Order_ID, Order_Date, Total_Amount, Type, Status, Customer_SSN, Employee_ID, Prescription_ID) VALUES (62, TO_DATE('2024-01-18', 'YYYY-MM-DD'), 7.09, 'normal', 'incomplete', '749-56-8047', 9, 35);
INSERT INTO "Order" (Order_ID, Order_Date, Total_Amount, Type, Status, Customer_SSN, Employee_ID, Prescription_ID) VALUES (63, TO_DATE('2024-04-26', 'YYYY-MM-DD'), 107.2, 'normal', 'complete', '477-94-8184', 8, 33);
INSERT INTO "Order" (Order_ID, Order_Date, Total_Amount, Type, Status, Customer_SSN, Employee_ID, Prescription_ID) VALUES (64, TO_DATE('2025-09-21', 'YYYY-MM-DD'), 298.04, 'urgent', 'incomplete', '862-31-3150', 6, 27);
INSERT INTO "Order" (Order_ID, Order_Date, Total_Amount, Type, Status, Customer_SSN, Employee_ID, Prescription_ID) VALUES (65, TO_DATE('2024-09-04', 'YYYY-MM-DD'), 190.2, 'urgent', 'incomplete', '223-13-3359', 12, 4);
INSERT INTO "Order" (Order_ID, Order_Date, Total_Amount, Type, Status, Customer_SSN, Employee_ID, Prescription_ID) VALUES (66, TO_DATE('2023-12-11', 'YYYY-MM-DD'), 222.31, 'normal', 'incomplete', '477-94-8184', 11, 17);
INSERT INTO "Order" (Order_ID, Order_Date, Total_Amount, Type, Status, Customer_SSN, Employee_ID, Prescription_ID) VALUES (67, TO_DATE('2025-03-09', 'YYYY-MM-DD'), 20.88, 'urgent', 'complete', '586-33-3869', 1, 32);
INSERT INTO "Order" (Order_ID, Order_Date, Total_Amount, Type, Status, Customer_SSN, Employee_ID, Prescription_ID) VALUES (68, TO_DATE('2024-08-28', 'YYYY-MM-DD'), 96.58, 'urgent', 'complete', '641-38-1862', 13, 41);
INSERT INTO "Order" (Order_ID, Order_Date, Total_Amount, Type, Status, Customer_SSN, Employee_ID, Prescription_ID) VALUES (69, TO_DATE('2024-04-04', 'YYYY-MM-DD'), 173.64, 'urgent', 'complete', '154-80-3077', 2, 48);
INSERT INTO "Order" (Order_ID, Order_Date, Total_Amount, Type, Status, Customer_SSN, Employee_ID, Prescription_ID) VALUES (70, TO_DATE('2023-12-26', 'YYYY-MM-DD'), 76.98, 'urgent', 'complete', '799-95-4115', 6, 37);
INSERT INTO "Order" (Order_ID, Order_Date, Total_Amount, Type, Status, Customer_SSN, Employee_ID, Prescription_ID) VALUES (71, TO_DATE('2024-12-26', 'YYYY-MM-DD'), 238.38, 'normal', 'incomplete', '477-94-8184', 9, 23);
INSERT INTO "Order" (Order_ID, Order_Date, Total_Amount, Type, Status, Customer_SSN, Employee_ID, Prescription_ID) VALUES (72, TO_DATE('2025-05-13', 'YYYY-MM-DD'), 262.63, 'normal', 'incomplete', '862-31-3150', 14, 42);
INSERT INTO "Order" (Order_ID, Order_Date, Total_Amount, Type, Status, Customer_SSN, Employee_ID, Prescription_ID) VALUES (73, TO_DATE('2025-03-04', 'YYYY-MM-DD'), 40.05, 'urgent', 'incomplete', '605-57-5869', 1, 50);
INSERT INTO "Order" (Order_ID, Order_Date, Total_Amount, Type, Status, Customer_SSN, Employee_ID, Prescription_ID) VALUES (74, TO_DATE('2025-09-25', 'YYYY-MM-DD'), 99.52, 'urgent', 'incomplete', '154-80-3077', 13, 46);
INSERT INTO "Order" (Order_ID, Order_Date, Total_Amount, Type, Status, Customer_SSN, Employee_ID, Prescription_ID) VALUES (75, TO_DATE('2025-11-03', 'YYYY-MM-DD'), 79.73, 'urgent', 'incomplete', '154-80-3077', 15, 48);
INSERT INTO "Order" (Order_ID, Order_Date, Total_Amount, Type, Status, Customer_SSN, Employee_ID, Prescription_ID) VALUES (76, TO_DATE('2024-07-15', 'YYYY-MM-DD'), 192.96, 'normal', 'complete', '477-94-8184', 13, 33);
INSERT INTO "Order" (Order_ID, Order_Date, Total_Amount, Type, Status, Customer_SSN, Employee_ID, Prescription_ID) VALUES (77, TO_DATE('2024-09-25', 'YYYY-MM-DD'), 183.04, 'normal', 'complete', '223-13-3359', 8, 14);
INSERT INTO "Order" (Order_ID, Order_Date, Total_Amount, Type, Status, Customer_SSN, Employee_ID, Prescription_ID) VALUES (78, TO_DATE('2025-05-28', 'YYYY-MM-DD'), 32.04, 'urgent', 'complete', '727-85-4591', 7, 11);
INSERT INTO "Order" (Order_ID, Order_Date, Total_Amount, Type, Status, Customer_SSN, Employee_ID, Prescription_ID) VALUES (79, TO_DATE('2025-03-19', 'YYYY-MM-DD'), 327.44, 'normal', 'incomplete', '154-80-3077', 14, 21);
INSERT INTO "Order" (Order_ID, Order_Date, Total_Amount, Type, Status, Customer_SSN, Employee_ID, Prescription_ID) VALUES (80, TO_DATE('2025-11-25', 'YYYY-MM-DD'), 148.3, 'normal', 'incomplete', '644-19-7248', 13, 13);
INSERT INTO Ordered_Drugs (Order_ID, Drug_Name, Pharmacy_ID, Batch_Number, Ordered_Quantity, Price) VALUES (1, 'Drug8', 1, 'B812', 1, 21.57);
INSERT INTO Ordered_Drugs (Order_ID, Drug_Name, Pharmacy_ID, Batch_Number, Ordered_Quantity, Price) VALUES (1, 'Drug14', 5, 'B1453', 1, 81.86);
INSERT INTO Ordered_Drugs (Order_ID, Drug_Name, Pharmacy_ID, Batch_Number, Ordered_Quantity, Price) VALUES (2, 'Drug16', 3, 'B1632', 10, 5.22);
INSERT INTO Ordered_Drugs (Order_ID, Drug_Name, Pharmacy_ID, Batch_Number, Ordered_Quantity, Price) VALUES (3, 'Drug17', 2, 'B1722', 3, 95.74);
INSERT INTO Ordered_Drugs (Order_ID, Drug_Name, Pharmacy_ID, Batch_Number, Ordered_Quantity, Price) VALUES (3, 'Drug1', 3, 'B131', 1, 8.76);
INSERT INTO Ordered_Drugs (Order_ID, Drug_Name, Pharmacy_ID, Batch_Number, Ordered_Quantity, Price) VALUES (3, 'Drug7', 3, 'B732', 1, 23.31);
INSERT INTO Ordered_Drugs (Order_ID, Drug_Name, Pharmacy_ID, Batch_Number, Ordered_Quantity, Price) VALUES (4, 'Drug4', 4, 'B441', 4, 21.44);
INSERT INTO Ordered_Drugs (Order_ID, Drug_Name, Pharmacy_ID, Batch_Number, Ordered_Quantity, Price) VALUES (5, 'Drug3', 5, 'B352', 7, 8.01);
INSERT INTO Ordered_Drugs (Order_ID, Drug_Name, Pharmacy_ID, Batch_Number, Ordered_Quantity, Price) VALUES (6, 'Drug17', 1, 'B1713', 2, 95.74);
INSERT INTO Ordered_Drugs (Order_ID, Drug_Name, Pharmacy_ID, Batch_Number, Ordered_Quantity, Price) VALUES (6, 'Drug6', 4, 'B641', 8, 53.62);
INSERT INTO Ordered_Drugs (Order_ID, Drug_Name, Pharmacy_ID, Batch_Number, Ordered_Quantity, Price) VALUES (6, 'Drug20', 1, 'B2011', 1, 46.72);
INSERT INTO Ordered_Drugs (Order_ID, Drug_Name, Pharmacy_ID, Batch_Number, Ordered_Quantity, Price) VALUES (7, 'Drug15', 5, 'B1551', 1, 14.84);
INSERT INTO Ordered_Drugs (Order_ID, Drug_Name, Pharmacy_ID, Batch_Number, Ordered_Quantity, Price) VALUES (8, 'Drug7', 4, 'B741', 5, 23.31);
INSERT INTO Ordered_Drugs (Order_ID, Drug_Name, Pharmacy_ID, Batch_Number, Ordered_Quantity, Price) VALUES (9, 'Drug3', 2, 'B321', 4, 8.01);
INSERT INTO Ordered_Drugs (Order_ID, Drug_Name, Pharmacy_ID, Batch_Number, Ordered_Quantity, Price) VALUES (10, 'Drug15', 1, 'B1511', 1, 14.84);
INSERT INTO Ordered_Drugs (Order_ID, Drug_Name, Pharmacy_ID, Batch_Number, Ordered_Quantity, Price) VALUES (11, 'Drug19', 2, 'B1921', 10, 72.64);
INSERT INTO Ordered_Drugs (Order_ID, Drug_Name, Pharmacy_ID, Batch_Number, Ordered_Quantity, Price) VALUES (11, 'Drug5', 5, 'B552', 1, 7.09);
INSERT INTO Ordered_Drugs (Order_ID, Drug_Name, Pharmacy_ID, Batch_Number, Ordered_Quantity, Price) VALUES (12, 'Drug20', 2, 'B2023', 2, 46.72);
INSERT INTO Ordered_Drugs (Order_ID, Drug_Name, Pharmacy_ID, Batch_Number, Ordered_Quantity, Price) VALUES (13, 'Drug14', 2, 'B1421', 1, 81.86);
INSERT INTO Ordered_Drugs (Order_ID, Drug_Name, Pharmacy_ID, Batch_Number, Ordered_Quantity, Price) VALUES (14, 'Drug4', 1, 'B411', 3, 21.44);
INSERT INTO Ordered_Drugs (Order_ID, Drug_Name, Pharmacy_ID, Batch_Number, Ordered_Quantity, Price) VALUES (15, 'Drug5', 5, 'B551', 4, 7.09);
INSERT INTO Ordered_Drugs (Order_ID, Drug_Name, Pharmacy_ID, Batch_Number, Ordered_Quantity, Price) VALUES (15, 'Drug19', 4, 'B1941', 6, 72.64);
INSERT INTO Ordered_Drugs (Order_ID, Drug_Name, Pharmacy_ID, Batch_Number, Ordered_Quantity, Price) VALUES (15, 'Drug2', 3, 'B231', 3, 65.92);
INSERT INTO Ordered_Drugs (Order_ID, Drug_Name, Pharmacy_ID, Batch_Number, Ordered_Quantity, Price) VALUES (16, 'Drug10', 5, 'B1052', 3, 69.32);
INSERT INTO Ordered_Drugs (Order_ID, Drug_Name, Pharmacy_ID, Batch_Number, Ordered_Quantity, Price) VALUES (17, 'Drug9', 1, 'B911', 5, 99.5);
INSERT INTO Ordered_Drugs (Order_ID, Drug_Name, Pharmacy_ID, Batch_Number, Ordered_Quantity, Price) VALUES (18, 'Drug8', 4, 'B841', 2, 21.57);
INSERT INTO Ordered_Drugs (Order_ID, Drug_Name, Pharmacy_ID, Batch_Number, Ordered_Quantity, Price) VALUES (18, 'Drug3', 5, 'B351', 3, 8.01);
INSERT INTO Ordered_Drugs (Order_ID, Drug_Name, Pharmacy_ID, Batch_Number, Ordered_Quantity, Price) VALUES (18, 'Drug17', 1, 'B1711', 3, 95.74);
INSERT INTO Ordered_Drugs (Order_ID, Drug_Name, Pharmacy_ID, Batch_Number, Ordered_Quantity, Price) VALUES (19, 'Drug15', 5, 'B1553', 1, 14.84);
INSERT INTO Ordered_Drugs (Order_ID, Drug_Name, Pharmacy_ID, Batch_Number, Ordered_Quantity, Price) VALUES (20, 'Drug5', 5, 'B551', 1, 7.09);
INSERT INTO Ordered_Drugs (Order_ID, Drug_Name, Pharmacy_ID, Batch_Number, Ordered_Quantity, Price) VALUES (20, 'Drug12', 3, 'B1231', 4, 40.46);
INSERT INTO Ordered_Drugs (Order_ID, Drug_Name, Pharmacy_ID, Batch_Number, Ordered_Quantity, Price) VALUES (21, 'Drug11', 4, 'B1142', 4, 35.2);
INSERT INTO Ordered_Drugs (Order_ID, Drug_Name, Pharmacy_ID, Batch_Number, Ordered_Quantity, Price) VALUES (21, 'Drug9', 3, 'B932', 1, 99.5);
INSERT INTO Ordered_Drugs (Order_ID, Drug_Name, Pharmacy_ID, Batch_Number, Ordered_Quantity, Price) VALUES (22, 'Drug16', 2, 'B1622', 6, 5.22);
INSERT INTO Ordered_Drugs (Order_ID, Drug_Name, Pharmacy_ID, Batch_Number, Ordered_Quantity, Price) VALUES (22, 'Drug9', 5, 'B951', 7, 99.5);
INSERT INTO Ordered_Drugs (Order_ID, Drug_Name, Pharmacy_ID, Batch_Number, Ordered_Quantity, Price) VALUES (23, 'Drug4', 2, 'B421', 3, 21.44);
INSERT INTO Ordered_Drugs (Order_ID, Drug_Name, Pharmacy_ID, Batch_Number, Ordered_Quantity, Price) VALUES (23, 'Drug11', 1, 'B1111', 3, 35.2);
INSERT INTO Ordered_Drugs (Order_ID, Drug_Name, Pharmacy_ID, Batch_Number, Ordered_Quantity, Price) VALUES (24, 'Drug6', 1, 'B613', 3, 53.62);
INSERT INTO Ordered_Drugs (Order_ID, Drug_Name, Pharmacy_ID, Batch_Number, Ordered_Quantity, Price) VALUES (25, 'Drug16', 3, 'B1633', 7, 5.22);
INSERT INTO Ordered_Drugs (Order_ID, Drug_Name, Pharmacy_ID, Batch_Number, Ordered_Quantity, Price) VALUES (26, 'Drug8', 1, 'B812', 3, 21.57);
INSERT INTO Ordered_Drugs (Order_ID, Drug_Name, Pharmacy_ID, Batch_Number, Ordered_Quantity, Price) VALUES (26, 'Drug3', 2, 'B321', 5, 8.01);
INSERT INTO Ordered_Drugs (Order_ID, Drug_Name, Pharmacy_ID, Batch_Number, Ordered_Quantity, Price) VALUES (26, 'Drug17', 3, 'B1731', 1, 95.74);
INSERT INTO Ordered_Drugs (Order_ID, Drug_Name, Pharmacy_ID, Batch_Number, Ordered_Quantity, Price) VALUES (27, 'Drug8', 2, 'B822', 2, 21.57);
INSERT INTO Ordered_Drugs (Order_ID, Drug_Name, Pharmacy_ID, Batch_Number, Ordered_Quantity, Price) VALUES (28, 'Drug12', 4, 'B1242', 3, 40.46);
INSERT INTO Ordered_Drugs (Order_ID, Drug_Name, Pharmacy_ID, Batch_Number, Ordered_Quantity, Price) VALUES (28, 'Drug16', 5, 'B1652', 4, 5.22);
INSERT INTO Ordered_Drugs (Order_ID, Drug_Name, Pharmacy_ID, Batch_Number, Ordered_Quantity, Price) VALUES (29, 'Drug4', 2, 'B423', 4, 21.44);
INSERT INTO Ordered_Drugs (Order_ID, Drug_Name, Pharmacy_ID, Batch_Number, Ordered_Quantity, Price) VALUES (30, 'Drug17', 4, 'B1743', 4, 95.74);
INSERT INTO Ordered_Drugs (Order_ID, Drug_Name, Pharmacy_ID, Batch_Number, Ordered_Quantity, Price) VALUES (30, 'Drug1', 3, 'B132', 3, 8.76);
INSERT INTO Ordered_Drugs (Order_ID, Drug_Name, Pharmacy_ID, Batch_Number, Ordered_Quantity, Price) VALUES (30, 'Drug7', 3, 'B733', 4, 23.31);
INSERT INTO Ordered_Drugs (Order_ID, Drug_Name, Pharmacy_ID, Batch_Number, Ordered_Quantity, Price) VALUES (31, 'Drug3', 2, 'B321', 7, 8.01);
INSERT INTO Ordered_Drugs (Order_ID, Drug_Name, Pharmacy_ID, Batch_Number, Ordered_Quantity, Price) VALUES (32, 'Drug7', 1, 'B712', 3, 23.31);
INSERT INTO Ordered_Drugs (Order_ID, Drug_Name, Pharmacy_ID, Batch_Number, Ordered_Quantity, Price) VALUES (33, 'Drug9', 5, 'B951', 5, 99.5);
INSERT INTO Ordered_Drugs (Order_ID, Drug_Name, Pharmacy_ID, Batch_Number, Ordered_Quantity, Price) VALUES (34, 'Drug16', 1, 'B1611', 9, 5.22);
INSERT INTO Ordered_Drugs (Order_ID, Drug_Name, Pharmacy_ID, Batch_Number, Ordered_Quantity, Price) VALUES (34, 'Drug9', 1, 'B912', 5, 99.5);
INSERT INTO Ordered_Drugs (Order_ID, Drug_Name, Pharmacy_ID, Batch_Number, Ordered_Quantity, Price) VALUES (35, 'Drug4', 4, 'B441', 4, 21.44);
INSERT INTO Ordered_Drugs (Order_ID, Drug_Name, Pharmacy_ID, Batch_Number, Ordered_Quantity, Price) VALUES (35, 'Drug3', 5, 'B351', 3, 8.01);
INSERT INTO Ordered_Drugs (Order_ID, Drug_Name, Pharmacy_ID, Batch_Number, Ordered_Quantity, Price) VALUES (35, 'Drug1', 3, 'B132', 6, 8.76);
INSERT INTO Ordered_Drugs (Order_ID, Drug_Name, Pharmacy_ID, Batch_Number, Ordered_Quantity, Price) VALUES (36, 'Drug18', 3, 'B1831', 1, 79.46);
INSERT INTO Ordered_Drugs (Order_ID, Drug_Name, Pharmacy_ID, Batch_Number, Ordered_Quantity, Price) VALUES (37, 'Drug7', 1, 'B713', 4, 23.31);
INSERT INTO Ordered_Drugs (Order_ID, Drug_Name, Pharmacy_ID, Batch_Number, Ordered_Quantity, Price) VALUES (38, 'Drug4', 3, 'B431', 8, 21.44);
INSERT INTO Ordered_Drugs (Order_ID, Drug_Name, Pharmacy_ID, Batch_Number, Ordered_Quantity, Price) VALUES (38, 'Drug3', 1, 'B312', 1, 8.01);
INSERT INTO Ordered_Drugs (Order_ID, Drug_Name, Pharmacy_ID, Batch_Number, Ordered_Quantity, Price) VALUES (38, 'Drug1', 5, 'B153', 4, 8.76);
INSERT INTO Ordered_Drugs (Order_ID, Drug_Name, Pharmacy_ID, Batch_Number, Ordered_Quantity, Price) VALUES (39, 'Drug4', 4, 'B441', 4, 21.44);
INSERT INTO Ordered_Drugs (Order_ID, Drug_Name, Pharmacy_ID, Batch_Number, Ordered_Quantity, Price) VALUES (40, 'Drug4', 4, 'B441', 1, 21.44);
INSERT INTO Ordered_Drugs (Order_ID, Drug_Name, Pharmacy_ID, Batch_Number, Ordered_Quantity, Price) VALUES (40, 'Drug11', 3, 'B1132', 2, 35.2);
INSERT INTO Ordered_Drugs (Order_ID, Drug_Name, Pharmacy_ID, Batch_Number, Ordered_Quantity, Price) VALUES (41, 'Drug1', 3, 'B132', 2, 8.76);
INSERT INTO Ordered_Drugs (Order_ID, Drug_Name, Pharmacy_ID, Batch_Number, Ordered_Quantity, Price) VALUES (41, 'Drug12', 2, 'B1223', 1, 40.46);
INSERT INTO Ordered_Drugs (Order_ID, Drug_Name, Pharmacy_ID, Batch_Number, Ordered_Quantity, Price) VALUES (42, 'Drug3', 5, 'B352', 3, 8.01);
INSERT INTO Ordered_Drugs (Order_ID, Drug_Name, Pharmacy_ID, Batch_Number, Ordered_Quantity, Price) VALUES (43, 'Drug1', 3, 'B131', 7, 8.76);
INSERT INTO Ordered_Drugs (Order_ID, Drug_Name, Pharmacy_ID, Batch_Number, Ordered_Quantity, Price) VALUES (43, 'Drug16', 4, 'B1642', 1, 5.22);
INSERT INTO Ordered_Drugs (Order_ID, Drug_Name, Pharmacy_ID, Batch_Number, Ordered_Quantity, Price) VALUES (44, 'Drug19', 3, 'B1931', 1, 72.64);
INSERT INTO Ordered_Drugs (Order_ID, Drug_Name, Pharmacy_ID, Batch_Number, Ordered_Quantity, Price) VALUES (44, 'Drug5', 5, 'B551', 1, 7.09);
INSERT INTO Ordered_Drugs (Order_ID, Drug_Name, Pharmacy_ID, Batch_Number, Ordered_Quantity, Price) VALUES (45, 'Drug10', 5, 'B1051', 1, 69.32);
INSERT INTO Ordered_Drugs (Order_ID, Drug_Name, Pharmacy_ID, Batch_Number, Ordered_Quantity, Price) VALUES (45, 'Drug5', 3, 'B531', 9, 7.09);
INSERT INTO Ordered_Drugs (Order_ID, Drug_Name, Pharmacy_ID, Batch_Number, Ordered_Quantity, Price) VALUES (46, 'Drug19', 1, 'B1911', 9, 72.64);
INSERT INTO Ordered_Drugs (Order_ID, Drug_Name, Pharmacy_ID, Batch_Number, Ordered_Quantity, Price) VALUES (46, 'Drug5', 2, 'B521', 1, 7.09);
INSERT INTO Ordered_Drugs (Order_ID, Drug_Name, Pharmacy_ID, Batch_Number, Ordered_Quantity, Price) VALUES (47, 'Drug12', 4, 'B1241', 2, 40.46);
INSERT INTO Ordered_Drugs (Order_ID, Drug_Name, Pharmacy_ID, Batch_Number, Ordered_Quantity, Price) VALUES (47, 'Drug16', 1, 'B1612', 3, 5.22);
INSERT INTO Ordered_Drugs (Order_ID, Drug_Name, Pharmacy_ID, Batch_Number, Ordered_Quantity, Price) VALUES (48, 'Drug5', 4, 'B541', 5, 7.09);
INSERT INTO Ordered_Drugs (Order_ID, Drug_Name, Pharmacy_ID, Batch_Number, Ordered_Quantity, Price) VALUES (48, 'Drug12', 2, 'B1222', 4, 40.46);
INSERT INTO Ordered_Drugs (Order_ID, Drug_Name, Pharmacy_ID, Batch_Number, Ordered_Quantity, Price) VALUES (49, 'Drug9', 1, 'B911', 5, 99.5);
INSERT INTO Ordered_Drugs (Order_ID, Drug_Name, Pharmacy_ID, Batch_Number, Ordered_Quantity, Price) VALUES (50, 'Drug15', 1, 'B1512', 1, 14.84);
INSERT INTO Ordered_Drugs (Order_ID, Drug_Name, Pharmacy_ID, Batch_Number, Ordered_Quantity, Price) VALUES (51, 'Drug5', 2, 'B522', 6, 7.09);
INSERT INTO Ordered_Drugs (Order_ID, Drug_Name, Pharmacy_ID, Batch_Number, Ordered_Quantity, Price) VALUES (51, 'Drug19', 2, 'B1922', 1, 72.64);
INSERT INTO Ordered_Drugs (Order_ID, Drug_Name, Pharmacy_ID, Batch_Number, Ordered_Quantity, Price) VALUES (51, 'Drug2', 5, 'B252', 1, 65.92);
INSERT INTO Ordered_Drugs (Order_ID, Drug_Name, Pharmacy_ID, Batch_Number, Ordered_Quantity, Price) VALUES (52, 'Drug12', 4, 'B1241', 7, 40.46);
INSERT INTO Ordered_Drugs (Order_ID, Drug_Name, Pharmacy_ID, Batch_Number, Ordered_Quantity, Price) VALUES (52, 'Drug14', 5, 'B1451', 1, 81.86);
INSERT INTO Ordered_Drugs (Order_ID, Drug_Name, Pharmacy_ID, Batch_Number, Ordered_Quantity, Price) VALUES (53, 'Drug6', 3, 'B632', 2, 53.62);
INSERT INTO Ordered_Drugs (Order_ID, Drug_Name, Pharmacy_ID, Batch_Number, Ordered_Quantity, Price) VALUES (54, 'Drug15', 5, 'B1551', 3, 14.84);
INSERT INTO Ordered_Drugs (Order_ID, Drug_Name, Pharmacy_ID, Batch_Number, Ordered_Quantity, Price) VALUES (54, 'Drug4', 5, 'B452', 1, 21.44);
INSERT INTO Ordered_Drugs (Order_ID, Drug_Name, Pharmacy_ID, Batch_Number, Ordered_Quantity, Price) VALUES (55, 'Drug1', 5, 'B152', 10, 8.76);
INSERT INTO Ordered_Drugs (Order_ID, Drug_Name, Pharmacy_ID, Batch_Number, Ordered_Quantity, Price) VALUES (55, 'Drug16', 4, 'B1642', 2, 5.22);
INSERT INTO Ordered_Drugs (Order_ID, Drug_Name, Pharmacy_ID, Batch_Number, Ordered_Quantity, Price) VALUES (56, 'Drug1', 4, 'B143', 8, 8.76);
INSERT INTO Ordered_Drugs (Order_ID, Drug_Name, Pharmacy_ID, Batch_Number, Ordered_Quantity, Price) VALUES (56, 'Drug16', 3, 'B1632', 1, 5.22);
INSERT INTO Ordered_Drugs (Order_ID, Drug_Name, Pharmacy_ID, Batch_Number, Ordered_Quantity, Price) VALUES (57, 'Drug4', 2, 'B422', 1, 21.44);
INSERT INTO Ordered_Drugs (Order_ID, Drug_Name, Pharmacy_ID, Batch_Number, Ordered_Quantity, Price) VALUES (57, 'Drug11', 3, 'B1132', 3, 35.2);
INSERT INTO Ordered_Drugs (Order_ID, Drug_Name, Pharmacy_ID, Batch_Number, Ordered_Quantity, Price) VALUES (58, 'Drug4', 2, 'B421', 3, 21.44);
INSERT INTO Ordered_Drugs (Order_ID, Drug_Name, Pharmacy_ID, Batch_Number, Ordered_Quantity, Price) VALUES (58, 'Drug17', 4, 'B1742', 1, 95.74);
INSERT INTO Ordered_Drugs (Order_ID, Drug_Name, Pharmacy_ID, Batch_Number, Ordered_Quantity, Price) VALUES (58, 'Drug6', 5, 'B653', 3, 53.62);
INSERT INTO Ordered_Drugs (Order_ID, Drug_Name, Pharmacy_ID, Batch_Number, Ordered_Quantity, Price) VALUES (59, 'Drug20', 2, 'B2023', 2, 46.72);
INSERT INTO Ordered_Drugs (Order_ID, Drug_Name, Pharmacy_ID, Batch_Number, Ordered_Quantity, Price) VALUES (60, 'Drug15', 5, 'B1551', 1, 14.84);
INSERT INTO Ordered_Drugs (Order_ID, Drug_Name, Pharmacy_ID, Batch_Number, Ordered_Quantity, Price) VALUES (61, 'Drug4', 2, 'B422', 5, 21.44);
INSERT INTO Ordered_Drugs (Order_ID, Drug_Name, Pharmacy_ID, Batch_Number, Ordered_Quantity, Price) VALUES (61, 'Drug17', 2, 'B1722', 2, 95.74);
INSERT INTO Ordered_Drugs (Order_ID, Drug_Name, Pharmacy_ID, Batch_Number, Ordered_Quantity, Price) VALUES (61, 'Drug6', 5, 'B653', 5, 53.62);
INSERT INTO Ordered_Drugs (Order_ID, Drug_Name, Pharmacy_ID, Batch_Number, Ordered_Quantity, Price) VALUES (62, 'Drug5', 2, 'B522', 1, 7.09);
INSERT INTO Ordered_Drugs (Order_ID, Drug_Name, Pharmacy_ID, Batch_Number, Ordered_Quantity, Price) VALUES (63, 'Drug4', 3, 'B432', 5, 21.44);
INSERT INTO Ordered_Drugs (Order_ID, Drug_Name, Pharmacy_ID, Batch_Number, Ordered_Quantity, Price) VALUES (64, 'Drug17', 4, 'B1743', 1, 95.74);
INSERT INTO Ordered_Drugs (Order_ID, Drug_Name, Pharmacy_ID, Batch_Number, Ordered_Quantity, Price) VALUES (64, 'Drug12', 3, 'B1233', 5, 40.46);
INSERT INTO Ordered_Drugs (Order_ID, Drug_Name, Pharmacy_ID, Batch_Number, Ordered_Quantity, Price) VALUES (65, 'Drug5', 1, 'B511', 4, 7.09);
INSERT INTO Ordered_Drugs (Order_ID, Drug_Name, Pharmacy_ID, Batch_Number, Ordered_Quantity, Price) VALUES (65, 'Drug12', 2, 'B1221', 4, 40.46);
INSERT INTO Ordered_Drugs (Order_ID, Drug_Name, Pharmacy_ID, Batch_Number, Ordered_Quantity, Price) VALUES (66, 'Drug7', 1, 'B711', 1, 23.31);
INSERT INTO Ordered_Drugs (Order_ID, Drug_Name, Pharmacy_ID, Batch_Number, Ordered_Quantity, Price) VALUES (66, 'Drug9', 4, 'B941', 2, 99.5);
INSERT INTO Ordered_Drugs (Order_ID, Drug_Name, Pharmacy_ID, Batch_Number, Ordered_Quantity, Price) VALUES (67, 'Drug16', 2, 'B1622', 4, 5.22);
INSERT INTO Ordered_Drugs (Order_ID, Drug_Name, Pharmacy_ID, Batch_Number, Ordered_Quantity, Price) VALUES (68, 'Drug12', 1, 'B1211', 2, 40.46);
INSERT INTO Ordered_Drugs (Order_ID, Drug_Name, Pharmacy_ID, Batch_Number, Ordered_Quantity, Price) VALUES (68, 'Drug16', 3, 'B1632', 3, 5.22);
INSERT INTO Ordered_Drugs (Order_ID, Drug_Name, Pharmacy_ID, Batch_Number, Ordered_Quantity, Price) VALUES (69, 'Drug5', 5, 'B551', 4, 7.09);
INSERT INTO Ordered_Drugs (Order_ID, Drug_Name, Pharmacy_ID, Batch_Number, Ordered_Quantity, Price) VALUES (69, 'Drug19', 2, 'B1921', 2, 72.64);
INSERT INTO Ordered_Drugs (Order_ID, Drug_Name, Pharmacy_ID, Batch_Number, Ordered_Quantity, Price) VALUES (70, 'Drug1', 5, 'B153', 7, 8.76);
INSERT INTO Ordered_Drugs (Order_ID, Drug_Name, Pharmacy_ID, Batch_Number, Ordered_Quantity, Price) VALUES (70, 'Drug16', 5, 'B1652', 3, 5.22);
INSERT INTO Ordered_Drugs (Order_ID, Drug_Name, Pharmacy_ID, Batch_Number, Ordered_Quantity, Price) VALUES (71, 'Drug18', 3, 'B1832', 3, 79.46);
INSERT INTO Ordered_Drugs (Order_ID, Drug_Name, Pharmacy_ID, Batch_Number, Ordered_Quantity, Price) VALUES (72, 'Drug4', 2, 'B422', 8, 21.44);
INSERT INTO Ordered_Drugs (Order_ID, Drug_Name, Pharmacy_ID, Batch_Number, Ordered_Quantity, Price) VALUES (72, 'Drug3', 4, 'B341', 7, 8.01);
INSERT INTO Ordered_Drugs (Order_ID, Drug_Name, Pharmacy_ID, Batch_Number, Ordered_Quantity, Price) VALUES (72, 'Drug1', 2, 'B121', 4, 8.76);
INSERT INTO Ordered_Drugs (Order_ID, Drug_Name, Pharmacy_ID, Batch_Number, Ordered_Quantity, Price) VALUES (73, 'Drug3', 1, 'B311', 5, 8.01);
INSERT INTO Ordered_Drugs (Order_ID, Drug_Name, Pharmacy_ID, Batch_Number, Ordered_Quantity, Price) VALUES (74, 'Drug4', 5, 'B451', 3, 21.44);
INSERT INTO Ordered_Drugs (Order_ID, Drug_Name, Pharmacy_ID, Batch_Number, Ordered_Quantity, Price) VALUES (74, 'Drug11', 3, 'B1132', 1, 35.2);
INSERT INTO Ordered_Drugs (Order_ID, Drug_Name, Pharmacy_ID, Batch_Number, Ordered_Quantity, Price) VALUES (75, 'Drug3', 5, 'B351', 1, 8.01);
INSERT INTO Ordered_Drugs (Order_ID, Drug_Name, Pharmacy_ID, Batch_Number, Ordered_Quantity, Price) VALUES (75, 'Drug19', 5, 'B1952', 1, 72.64);
INSERT INTO Ordered_Drugs (Order_ID, Drug_Name, Pharmacy_ID, Batch_Number, Ordered_Quantity, Price) VALUES (76, 'Drug4', 2, 'B423', 9, 21.44);
INSERT INTO Ordered_Drugs (Order_ID, Drug_Name, Pharmacy_ID, Batch_Number, Ordered_Quantity, Price) VALUES (77, 'Drug15', 2, 'B1522', 8, 14.84);
INSERT INTO Ordered_Drugs (Order_ID, Drug_Name, Pharmacy_ID, Batch_Number, Ordered_Quantity, Price) VALUES (77, 'Drug4', 3, 'B431', 3, 21.44);
INSERT INTO Ordered_Drugs (Order_ID, Drug_Name, Pharmacy_ID, Batch_Number, Ordered_Quantity, Price) VALUES (78, 'Drug3', 2, 'B321', 4, 8.01);
INSERT INTO Ordered_Drugs (Order_ID, Drug_Name, Pharmacy_ID, Batch_Number, Ordered_Quantity, Price) VALUES (79, 'Drug14', 1, 'B1411', 4, 81.86);
INSERT INTO Ordered_Drugs (Order_ID, Drug_Name, Pharmacy_ID, Batch_Number, Ordered_Quantity, Price) VALUES (80, 'Drug1', 5, 'B153', 6, 8.76);
INSERT INTO Ordered_Drugs (Order_ID, Drug_Name, Pharmacy_ID, Batch_Number, Ordered_Quantity, Price) VALUES (80, 'Drug17', 4, 'B1742', 1, 95.74);

COMMIT;